Top pages,Clicks,Impressions,CTR,Position
https://olera.care/caregiver-support/what-is-the-va-caregiver-functional-assessment,25,1167,2.14%,5.99
https://olera.care/caregiver-support/does-blue-cross-blue-shield-cover-caregiver-expenses,20,1165,1.72%,4.12
https://olera.care/,18,335,5.37%,5.47
https://olera.care/provider/bowie-commons,13,289,4.5%,19.43
https://olera.care/caregiver-support/how-to-prove-primary-caregiver-custody,11,431,2.55%,4.42
https://olera.care/provider/ridgecrest-apartments,11,196,5.61%,6.04
https://olera.care/provider/diamond-senior-apartments,11,137,8.03%,23.08
https://olera.care/provider/like-family-home-health-care,11,82,13.41%,2.32
https://olera.care/provider/ridgeview-estates,10,344,2.91%,30.56
https://olera.care/provider/ridgecrest-apartment-55,10,183,5.46%,17.51
https://olera.care/provider/zvago-lake-superior,10,83,12.05%,6.52
https://olera.care/provider/harmony-at-greenwood,10,70,14.29%,7.16
https://olera.care/provider/mill-pond-senior-apartments,8,134,5.97%,16.69
https://olera.care/provider/villages-at-homefield,8,133,6.02%,9.96
https://olera.care/provider/chevy-chase-gardens,8,130,6.15%,6.51
https://olera.care/provider/flint-ridge-village-apartments,8,112,7.14%,25.6
https://olera.care/provider/arp-manor-apartments,7,161,4.35%,14.24
https://olera.care/provider/eagle-village,7,160,4.38%,8.01
https://olera.care/provider/burt-farms-i-ny,7,110,6.36%,7.85
https://olera.care/provider/budlong-manor,7,71,9.86%,8.21
https://olera.care/provider/the-house-of-bostics-llc-assisted-living-facility,7,46,15.22%,2.57
https://olera.care/provider/hoodview-residential-care-center,7,26,26.92%,4.15
https://olera.care/caregiver-support/does-social-security-pay-for-a-caregiver,6,573,1.05%,13.43
https://olera.care/caregiver-support/your-legal-rights-as-a-family-caregiver,6,321,1.87%,11.22
https://olera.care/provider/cedar-trace-senior-apartments,6,219,2.74%,13.65
https://olera.care/provider/legacy-manor-of-waterloo,6,193,3.11%,16.41
https://olera.care/provider/centerbridge,6,181,3.31%,14.31
https://olera.care/provider/cottage-village-senior-apartments,6,167,3.59%,13
https://olera.care/provider/america-home-healthcare,6,138,4.35%,15.42
https://olera.care/provider/madison-grove,6,131,4.58%,12.6
https://olera.care/provider/pierrepont-house-for-the-elderly,6,109,5.5%,11.12
https://olera.care/provider/cascade-ridge,6,87,6.9%,25.41
https://olera.care/provider/bellemeade-manor,6,73,8.22%,5.26
https://olera.care/provider/river-bluff-cooperative,6,73,8.22%,7.75
https://olera.care/provider/masonic-care-new-rochelle,6,50,12%,6.32
https://olera.care/provider/ankar-retirement-park,6,41,14.63%,20.93
https://olera.care/provider/madison-crossing-apartments,5,203,2.46%,8.75
https://olera.care/provider/pasadena-meadows-nursing-center,5,174,2.87%,4.24
https://olera.care/provider/evergreen-manor,5,156,3.21%,22.1
https://olera.care/provider/bella-vista-apartments,5,142,3.52%,9.49
https://olera.care/provider/st-denis-senior-apartments,5,127,3.94%,30.24
https://olera.care/provider/silvercrest-residence-ca-eureka,5,123,4.07%,12.68
https://olera.care/provider/park-meadows-senior-apartments,5,121,4.13%,20.25
https://olera.care/provider/hearthside-apartments,5,111,4.5%,6.85
https://olera.care/provider/fritz-reuter-altenheim,5,90,5.56%,17.42
https://olera.care/provider/mill-river-senior,5,83,6.02%,42.81
https://olera.care/provider/tph-independence-gardens,5,74,6.76%,8.31
https://olera.care/provider/oakhurst-place,5,52,9.62%,5.17
https://olera.care/provider/valued-care,5,51,9.8%,6.02
https://olera.care/provider/parkway-plaza,5,41,12.2%,6.27
https://olera.care/provider/siena-on-brendenwood,5,35,14.29%,6.06
https://olera.care/provider/fair-oaks,5,28,17.86%,12.82
https://olera.care/waiver-library/texas,5,22,22.73%,34.23
https://olera.care/provider/gcc-acres,5,19,26.32%,5.47
https://olera.care/provider/regency-at-troy,4,588,0.68%,11.14
https://olera.care/provider/consumer-direct-care-network-washington-cdwa,4,522,0.77%,13.51
https://olera.care/provider/california-armenian-home,4,415,0.96%,7.15
https://olera.care/provider/villas-of-chenal,4,240,1.67%,26.86
https://olera.care/provider/north-ridge-cottages,4,156,2.56%,22.76
https://olera.care/provider/the-viridian,4,151,2.65%,11.49
https://olera.care/provider/glen-east-senior-apartments,4,140,2.86%,24.09
https://olera.care/provider/madison-glen-apartments,4,134,2.99%,14.89
https://olera.care/provider/palomitas-r-us,4,122,3.28%,4.31
https://olera.care/provider/nutley-parkside-apartments,4,111,3.6%,6.91
https://olera.care/provider/un-buen-amanecer-home-health,4,109,3.67%,3.47
https://olera.care/provider/willow-bend-villas,4,102,3.92%,9.91
https://olera.care/provider/sterling-oaks-senior-apartment,4,98,4.08%,16.93
https://olera.care/provider/kendra-s-place,4,94,4.26%,3.29
https://olera.care/provider/cherry-hill-manor,4,85,4.71%,9.74
https://olera.care/provider/edley-place-home-care,4,83,4.82%,41.89
https://olera.care/provider/el-patio-gardens-senior-community,4,77,5.19%,18.48
https://olera.care/provider/acme-care-clhf,4,72,5.56%,3.67
https://olera.care/provider/harborbrook-apartments,4,70,5.71%,5.09
https://olera.care/provider/woodbirch-association,4,70,5.71%,13.4
https://olera.care/provider/positive-purpose,4,66,6.06%,7.64
https://olera.care/provider/maison-home-care,4,62,6.45%,13.06
https://olera.care/provider/st-sophia-apartments-st-sophia-housing-development-fund-co,4,61,6.56%,8.41
https://olera.care/provider/amity-house-residential-care-and-group-homes-tx,4,51,7.84%,6.04
https://olera.care/provider/midland-park-residential-home,4,51,7.84%,8.31
https://olera.care/provider/willard-manor,4,45,8.89%,5.51
https://olera.care/provider/kennedy-plaza,4,42,9.52%,6.55
https://olera.care/provider/access-homecare-services,4,42,9.52%,28.83
https://olera.care/provider/lomond-view-retirement-apartments,4,41,9.76%,10.49
https://olera.care/provider/moody-house-retirement-home,4,39,10.26%,17.28
https://olera.care/provider/briarwood,4,35,11.43%,12.94
https://olera.care/provider/ultimate-home-health-care-nc,4,23,17.39%,9.96
https://olera.care/provider/maywright-group-home,4,12,33.33%,8.67
https://olera.care/provider/aid-home-health-care-services-llc,3,875,0.34%,32.23
https://olera.care/caregiver-support/can-a-caregiver-receive-benefits-from-social-security,3,643,0.47%,9.56
https://olera.care/provider/historic-jeff-center-senior-apartments,3,404,0.74%,28.68
https://olera.care/caregiver-support/what-is-the-hourly-rate-for-an-in-home-caregiver,3,359,0.84%,20.75
https://olera.care/provider/shadyside-skilled-nursing-and-rehabilitation-center,3,357,0.84%,9.9
https://olera.care/provider/the-grove-ok,3,300,1%,16.35
https://olera.care/provider/freestyle-living,3,271,1.11%,7.17
https://olera.care/provider/garland-nursing-rehabilitation-center,3,240,1.25%,4.63
https://olera.care/provider/the-lodge-at-the-terraces,3,240,1.25%,20.56
https://olera.care/provider/westminster-village-fl,3,225,1.33%,24.75
https://olera.care/provider/the-cottages-at-shawnee-ks,3,218,1.38%,34.9
https://olera.care/provider/gardenview-home-care,3,193,1.55%,12.51
https://olera.care/caregiver-support/can-a-caregiver-dispense-medication,3,189,1.59%,8.16
https://olera.care/provider/baptist-village,3,186,1.61%,9.84
https://olera.care/provider/buehler-home,3,171,1.75%,5.64
https://olera.care/provider/always-home-care,3,158,1.9%,12.24
https://olera.care/provider/one-oak-place,3,151,1.99%,9.69
https://olera.care/provider/alamo-cove-rehab-and-nursing-center,3,149,2.01%,9.05
https://olera.care/provider/blue-skies-home-care,3,146,2.05%,13.02
https://olera.care/provider/nancy-s-place,3,133,2.26%,11.44
https://olera.care/provider/gentemann-manor-i,3,132,2.27%,6.08
https://olera.care/provider/heaven-on-earth-network,3,129,2.33%,4.09
https://olera.care/provider/hookston-senior-homes,3,126,2.38%,10.33
https://olera.care/provider/angels-on-call-home-care-pa-reading,3,122,2.46%,10.14
https://olera.care/provider/toll-road-senior-apartments,3,112,2.68%,12.06
https://olera.care/provider/elder-care-of-north-alabama,3,111,2.7%,29.85
https://olera.care/provider/aspen-creek-senior-living-formerly-lenity-senior-living,3,107,2.8%,22.41
https://olera.care/provider/nantucket-apartments,3,103,2.91%,7.03
https://olera.care/provider/golden-care-of-nepa,3,101,2.97%,6.42
https://olera.care/provider/senior-care-of-marlandwood-east,3,100,3%,31.47
https://olera.care/provider/everywhere-is-home-katy,3,89,3.37%,12.67
https://olera.care/provider/woodridge-manor,3,83,3.61%,14.28
https://olera.care/provider/paul-laurence-dunbar-senior-complex,3,81,3.7%,4.88
https://olera.care/provider/napa-creek-manor,3,77,3.9%,8.34
https://olera.care/provider/a-pineywoods-health-services,3,76,3.95%,6.67
https://olera.care/provider/the-estates-of-midwest-city,3,73,4.11%,9.95
https://olera.care/provider/plaxia-care,3,70,4.29%,5.14
https://olera.care/provider/visiting-medical-doctors,3,69,4.35%,20.01
https://olera.care/provider/ruth-s-house,3,67,4.48%,4.64
https://olera.care/provider/dell-range-senior-apartments,3,67,4.48%,15.13
https://olera.care/provider/friendly-care,3,65,4.62%,8.35
https://olera.care/provider/inman-grove-senior-citizen-residence,3,61,4.92%,8.05
https://olera.care/provider/parkview-at-wheatland-village,3,61,4.92%,12.67
https://olera.care/provider/roosevelt-west-sr-apartment,3,56,5.36%,8.02
https://olera.care/provider/advocate-group-care-nj,3,55,5.45%,6.55
https://olera.care/provider/winston-hale,3,52,5.77%,5.12
https://olera.care/provider/maverick-home-health-agency,3,52,5.77%,8.5
https://olera.care/provider/magnolia-wood,3,51,5.88%,6.86
https://olera.care/provider/hamaspik-homecare,3,50,6%,6.96
https://olera.care/provider/jay-and-jay-health-care-agency,3,50,6%,9.22
https://olera.care/provider/gallaghers-assisted-living,3,47,6.38%,10.64
https://olera.care/provider/beverly-towers,3,46,6.52%,6.76
https://olera.care/provider/brethren-manor,3,44,6.82%,6.45
https://olera.care/provider/welcome-home,3,38,7.89%,3.5
https://olera.care/provider/georgia-lina-care-management,3,37,8.11%,12.46
https://olera.care/provider/monarca-place,3,36,8.33%,8.69
https://olera.care/provider/prelude-village,3,33,9.09%,5.52
https://olera.care/provider/njadb-jersey-city-group-home,3,27,11.11%,7.3
https://olera.care/provider/laverna-village-of-saint-joseph,3,26,11.54%,11.85
https://olera.care/provider/villas-at-peruque,3,24,12.5%,5.46
https://olera.care/provider/st-fidelis-friary,3,21,14.29%,7.76
https://olera.care/provider/ridge-pointe-apartments,3,19,15.79%,7
https://olera.care/provider/limestoneshire-group-home,3,18,16.67%,4.72
https://olera.care/provider/healing-hands-home-care,3,18,16.67%,12.83
https://olera.care/provider/willow-canyon-living,3,17,17.65%,4.47
https://olera.care/provider/harmony-residential-home,3,14,21.43%,2.86
https://olera.care/provider/azuri-adult-family-home,3,13,23.08%,2.85
https://olera.care/provider/the-shaw-homes,3,12,25%,7.08
https://olera.care/provider/sutton-home-for-women-ma,3,11,27.27%,9.64
https://olera.care/provider/spring-hills-home-care-services-nevada,3,7,42.86%,2.57
https://olera.care/provider/panola-care,3,7,42.86%,3.14
https://olera.care/provider/ace-home-care-ca-newport-beach,3,6,50%,8.67
https://olera.care/provider/morehouse-place,3,5,60%,6.6
https://olera.care/provider/harmonious-living-home,3,5,60%,12
https://olera.care/provider/the-meadows-fl,3,4,75%,2.5
https://olera.care/provider/family-tree-private-care-co-longmont,2,711,0.28%,45.44
https://olera.care/provider/eastlake-woods,2,683,0.29%,4.51
https://olera.care/caregiver-support/average-cost-of-a-live-in-caregiver,2,581,0.34%,18.88
https://olera.care/provider/new-life-home-health-services,2,554,0.36%,19.84
https://olera.care/caregiver-support/does-medicare-pay-for-family-caregivers,2,536,0.37%,38.69
https://olera.care/nursing-home/oklahoma/tulsa,2,528,0.38%,36.33
https://olera.care/provider/wilmington-nursing-and-rehabilitation-center,2,418,0.48%,32.02
https://olera.care/provider/in-nite-care-of-alaska,2,401,0.5%,18.95
https://olera.care/provider/yellow-retirement-communities,2,378,0.53%,9.17
https://olera.care/provider/1st-care-of-new-mexico-llc,2,327,0.61%,5.07
https://olera.care/provider/joy-home-care-ri,2,307,0.65%,6.09
https://olera.care/provider/avir-at-river-ridge,2,281,0.71%,5.05
https://olera.care/provider/the-ovation-center,2,280,0.71%,8.55
https://olera.care/assisted-living/nm/albuquerque,2,260,0.77%,50.1
https://olera.care/provider/raintree-village,2,255,0.78%,9.57
https://olera.care/provider/presbyterian-manor,2,209,0.96%,8.54
https://olera.care/provider/state-veterans-home,2,209,0.96%,14.91
https://olera.care/provider/bloomington-grove-lillian-court,2,208,0.96%,6.71
https://olera.care/provider/at-home-solutions-licensed-home-care-services-agency,2,202,0.99%,16.22
https://olera.care/provider/avir-at-heritage-oaks,2,196,1.02%,5.22
https://olera.care/provider/global-home-care-and-staffing,2,185,1.08%,13.59
https://olera.care/provider/bobette-s-home-care,2,185,1.08%,25.63
https://olera.care/provider/heavenly-home-care-agency-inc,2,179,1.12%,38.42
https://olera.care/provider/shag-cedar-river-court-senior-living-apartments,2,175,1.14%,12.38
https://olera.care/provider/greenleaf-apartments,2,169,1.18%,11.15
https://olera.care/provider/wellsprings-post-acute-center,2,159,1.26%,14.89
https://olera.care/provider/heritage-residential-care-village,2,158,1.27%,33.02
https://olera.care/provider/unc-homecare-specialists,2,157,1.27%,8.59
https://olera.care/provider/broomfield-silvercrest,2,155,1.29%,52.97
https://olera.care/provider/home-kare-inc-of-dona-ana,2,152,1.32%,7.65
https://olera.care/provider/queensbrooke-village-senior-living,2,151,1.32%,10.22
https://olera.care/provider/lincare-ps-homecare,2,150,1.33%,6.49
https://olera.care/provider/lake-place-senior-living,2,149,1.34%,7.74
https://olera.care/provider/mercy-oaks-village,2,146,1.37%,12.96
https://olera.care/provider/the-lofts-at-union-crossing,2,135,1.48%,9.15
https://olera.care/provider/villas-at-robinett,2,132,1.52%,11.38
https://olera.care/provider/garland-estate-for-seniors,2,124,1.61%,31.06
https://olera.care/provider/silver-oaks-at-waterford-senior-apartments,2,119,1.68%,14.55
https://olera.care/provider/home-aid-caregivers,2,119,1.68%,24.61
https://olera.care/provider/arosa-nc-triangle,2,118,1.69%,7.92
https://olera.care/provider/community-home-health-care,2,115,1.74%,20.62
https://olera.care/about,2,113,1.77%,3.84
https://olera.care/provider/azotea-senior-community,2,112,1.79%,9.04
https://olera.care/provider/arden-wood,2,112,1.79%,10.46
https://olera.care/provider/client-dedicated-services,2,111,1.8%,3.84
https://olera.care/provider/frontier-st-elias-evergreen,2,110,1.82%,12.84
https://olera.care/provider/gaunley-home-care,2,109,1.83%,8.16
https://olera.care/provider/all-together-home-health-care,2,107,1.87%,10.07
https://olera.care/provider/grand-south-senior-living,2,107,1.87%,33.09
https://olera.care/provider/moravia-health-scranton,2,106,1.89%,9.23
https://olera.care/provider/attic-angel-community,2,104,1.92%,10.23
https://olera.care/provider/edison-woods-senior-housing,2,104,1.92%,17.21
https://olera.care/provider/encompass-health-home-health-houston-tx,2,103,1.94%,12.22
https://olera.care/provider/bee-first-primary-home-care,2,100,2%,6.15
https://olera.care/provider/whoo-s-caring,2,100,2%,7.73
https://olera.care/provider/brilliant-healthcare,2,98,2.04%,3.73
https://olera.care/provider/evanston-senior-redevelopment-jane-r-perlman-apartments,2,98,2.04%,18.86
https://olera.care/provider/caring-touch-provider-services,2,94,2.13%,6.69
https://olera.care/provider/mercy-housing-mercy-village,2,94,2.13%,8.84
https://olera.care/provider/surrey-downs-clubhouse,2,93,2.15%,8.25
https://olera.care/provider/seneca-cazenovia-senior-housing,2,84,2.38%,20.3
https://olera.care/provider/by-faith-home-care-services,2,84,2.38%,21.26
https://olera.care/provider/chandler-creek-village-apartments,2,84,2.38%,22.77
https://olera.care/provider/silvertree-seniors-of-portsmouth,2,83,2.41%,8.05
https://olera.care/provider/leisure-manor-i,2,83,2.41%,12.52
https://olera.care/provider/sacramento-senior-home-management-office,2,82,2.44%,6.78
https://olera.care/waiver-library/delaware/food-stamp-program-snap,2,81,2.47%,13.32
https://olera.care/provider/golden-touch-home-health-inc,2,79,2.53%,8.71
https://olera.care/provider/independence-manor-i-ii,2,78,2.56%,13.99
https://olera.care/provider/pasa-alta-manor-residential-care-centers,2,77,2.6%,4.97
https://olera.care/provider/eliseo,2,74,2.7%,9.77
https://olera.care/provider/arbor-vista-senior-apartments,2,74,2.7%,28.04
https://olera.care/provider/jordan-square-senior-apartments,2,72,2.78%,7.38
https://olera.care/provider/center-pointe-villas-courtyard,2,72,2.78%,7.46
https://olera.care/provider/always-home-care-nj-perth-amboy,2,71,2.82%,7.96
https://olera.care/provider/erie-independence-house,2,70,2.86%,17.79
https://olera.care/provider/andrea-homecare-group,2,69,2.9%,6.06
https://olera.care/provider/marian-towers,2,68,2.94%,5.57
https://olera.care/provider/redeem-center,2,68,2.94%,8.25
https://olera.care/provider/alderbrook-skilled-nursing-facility,2,67,2.99%,8.09
https://olera.care/provider/cranford-lincoln-senior-apartments,2,67,2.99%,10.46
https://olera.care/team,2,63,3.17%,3.3
https://olera.care/provider/ivy-garden-senior-condos,2,63,3.17%,22.3
https://olera.care/provider/vihar-care-indian-nursing-home,2,62,3.23%,24.74
https://olera.care/provider/jonesboro-ecumencial-center,2,61,3.28%,17.03
https://olera.care/provider/the-cottages-at-riverview,2,60,3.33%,5.02
https://olera.care/provider/river-valley-home-health-and-hospice-az-kingman,2,60,3.33%,7.4
https://olera.care/provider/whitewood-gardens,2,60,3.33%,10.25
https://olera.care/provider/osage-heights-senior-housing-complex,2,60,3.33%,16.57
https://olera.care/provider/amara-home-care-tn,2,59,3.39%,6.68
https://olera.care/provider/shalom-park,2,59,3.39%,14.34
https://olera.care/provider/legacy-kettering-oh,2,59,3.39%,21.15
https://olera.care/provider/leisure-apartments,2,59,3.39%,29.42
https://olera.care/provider/lucky-medical-home-care,2,58,3.45%,6.72
https://olera.care/provider/riverstone-senior-living-center,2,58,3.45%,20.83
https://olera.care/provider/mt-zion-pleasant-view-plaza,2,57,3.51%,5.67
https://olera.care/provider/tha-home-health-care,2,55,3.64%,6.82
https://olera.care/provider/o-brien-road-apartments,2,53,3.77%,10.53
https://olera.care/provider/s-s-helping-hands,2,53,3.77%,40.08
https://olera.care/provider/touchpoint-healthcare-services-inc,2,52,3.85%,7.98
https://olera.care/provider/catherine-booth-garden-apartments,2,51,3.92%,8.47
https://olera.care/provider/a-plus-healthcare-mt-kalispell,2,51,3.92%,8.75
https://olera.care/provider/linwood-terrace,2,51,3.92%,9.8
https://olera.care/provider/legacy-home-health-care-tx,2,51,3.92%,14.14
https://olera.care/provider/in-home-primary-care,2,50,4%,10.7
https://olera.care/provider/lifespan-home-health-tx-temple,2,49,4.08%,7.29
https://olera.care/provider/wesley-healthcare-at-home,2,49,4.08%,10.73
https://olera.care/provider/glover-plaza,2,48,4.17%,4.98
https://olera.care/provider/group-home-by-the-dome,2,48,4.17%,5.12
https://olera.care/provider/west-park-55-retirement-community-brenton-communities,2,47,4.26%,6.57
https://olera.care/provider/villa-rita,2,47,4.26%,17.6
https://olera.care/provider/st-john-s-united-chapel-court-apartments,2,46,4.35%,6.63
https://olera.care/provider/polish-american-family-connection,2,46,4.35%,7.33
https://olera.care/provider/classic-home-health-services,2,46,4.35%,7.91
https://olera.care/provider/golden-life-home-health,2,46,4.35%,8.76
https://olera.care/provider/eastbay-senior-living,2,46,4.35%,8.83
https://olera.care/provider/victory-home-care-agency,2,45,4.44%,8.6
https://olera.care/provider/lenity-solutions-in-home-companion-care,2,44,4.55%,6.02
https://olera.care/provider/fernwood-senior-apartments,2,43,4.65%,12.26
https://olera.care/provider/romeoville-garden-apartments,2,43,4.65%,14.02
https://olera.care/provider/trinity-garden-alf,2,40,5%,3.45
https://olera.care/provider/lifespring-home-care-of-shawnee,2,40,5%,6.33
https://olera.care/provider/canal-place-senior-apartments,2,40,5%,6.53
https://olera.care/provider/caring-cottage,2,39,5.13%,4.9
https://olera.care/provider/albert-s-house-sandpiper,2,39,5.13%,8.33
https://olera.care/provider/care-dimensions-home-health-palm-desert,2,38,5.26%,6.95
https://olera.care/provider/holy-cross-villas,2,36,5.56%,8.22
https://olera.care/provider/hampton-place-healthcare,2,36,5.56%,8.97
https://olera.care/provider/harvest-hills-retirement-center,2,35,5.71%,10.89
https://olera.care/provider/albertine-home,2,34,5.88%,8.06
https://olera.care/provider/mercy-home-care-in,2,33,6.06%,7.52
https://olera.care/provider/a-touch-of-love-homecare,2,33,6.06%,14.82
https://olera.care/provider/juniper-manor,2,32,6.25%,4.06
https://olera.care/provider/chasse-village,2,32,6.25%,16.66
https://olera.care/provider/riverside-health-and-rehabilitation,2,31,6.45%,8.9
https://olera.care/provider/orchid-court,2,30,6.67%,5.87
https://olera.care/provider/ginnie-mae-residence-care,2,30,6.67%,6.67
https://olera.care/provider/cypress-meadows-senior-apartments,2,30,6.67%,6.73
https://olera.care/provider/belmont-cove,2,30,6.67%,10.6
https://olera.care/provider/elm-street-senior-apartments,2,30,6.67%,11.8
https://olera.care/provider/independence-home,2,29,6.9%,3
https://olera.care/provider/anand-care-center,2,29,6.9%,5
https://olera.care/provider/bella-vista-transitional-care-center,2,29,6.9%,7.31
https://olera.care/provider/mill-run,2,29,6.9%,9.38
https://olera.care/provider/the-palms-home-care,2,29,6.9%,10.21
https://olera.care/provider/innovage-senior-living,2,29,6.9%,11.59
https://olera.care/provider/bayberry-farms-village,2,28,7.14%,9.04
https://olera.care/provider/cottonwood-road-group-home,2,28,7.14%,33.46
https://olera.care/provider/overland-court-apartments,2,27,7.41%,5.96
https://olera.care/provider/avenida-living-home,2,26,7.69%,3.92
https://olera.care/provider/jc-s-care-from-above,2,26,7.69%,5.54
https://olera.care/provider/high-pointe-senior-community,2,26,7.69%,6.08
https://olera.care/provider/syncare-memory-suites,2,26,7.69%,6.54
https://olera.care/provider/sacred-heart-village-2,2,26,7.69%,7.58
https://olera.care/provider/garfield-terrace,2,25,8%,4.36
https://olera.care/provider/north-gables,2,25,8%,6.88
https://olera.care/provider/a-golden-retreat-care-home,2,24,8.33%,5.42
https://olera.care/provider/integrity-home-health-care,2,24,8.33%,7.29
https://olera.care/provider/positive-care-private-home,2,23,8.7%,7.65
https://olera.care/provider/angelique-woods-apartments,2,22,9.09%,6.32
https://olera.care/provider/robert-a-morrison-village-senior-housing,2,22,9.09%,7.18
https://olera.care/provider/riverview-heights-apartments,2,22,9.09%,10.36
https://olera.care/provider/legacy-at-the-point,2,21,9.52%,11.19
https://olera.care/provider/a-lot-of-love-home-care-agency-llc,2,20,10%,3.6
https://olera.care/provider/spero-heritage-homes,2,20,10%,8.6
https://olera.care/provider/the-warm-friend,2,19,10.53%,13.53
https://olera.care/provider/liberty-terrace,2,18,11.11%,6.5
https://olera.care/provider/st-joseph-manor,2,18,11.11%,7
https://olera.care/provider/absolute-angels-home-care,2,18,11.11%,10.33
https://olera.care/provider/partners-in-care-home-care-ca,2,17,11.76%,10.65
https://olera.care/provider/stepping-stone-adult-foster-cr,2,16,12.5%,4.69
https://olera.care/provider/riverstone-retirement-community,2,16,12.5%,13.25
https://olera.care/provider/seton-residence,2,15,13.33%,12.33
https://olera.care/provider/heavenly-home-care-agency-inc/onboard,2,15,13.33%,18
https://olera.care/waiver-library/kentucky/aged-blind-and-disabled-abd-medicaid,2,14,14.29%,59.07
https://olera.care/provider/w-h-plummer-plaza,2,13,15.38%,6.54
https://olera.care/provider/companion-caregivers,2,13,15.38%,8.15
https://olera.care/provider/senior-s-palace-boarding-home,2,13,15.38%,23
https://olera.care/provider/cherry-blossom-residential-care,2,13,15.38%,43.23
https://olera.care/provider/love-patience-caregiving,2,12,16.67%,3.92
https://olera.care/provider/heritage-oak-apartments-the-elderly,2,12,16.67%,5.75
https://olera.care/provider/shiloh-senior-housing,2,12,16.67%,6.17
https://olera.care/provider/ibree-home-healthcare,2,12,16.67%,8.17
https://olera.care/provider/liberty-at-shoal-creek,2,12,16.67%,11.83
https://olera.care/provider/all-access-home-health-care,2,12,16.67%,17.58
https://olera.care/provider/five-star-premier-residences,2,12,16.67%,17.67
https://olera.care/provider/townsend-towers,2,11,18.18%,3.18
https://olera.care/provider/care-plus-nursing-rehab,2,11,18.18%,4.45
https://olera.care/provider/lizandra-assisted-living-facility,2,11,18.18%,4.45
https://olera.care/provider/quantum-house-pch,2,11,18.18%,4.82
https://olera.care/provider/total-home-health-services-inc,2,11,18.18%,8.73
https://olera.care/provider/faith-community-care-home,2,11,18.18%,19
https://olera.care/provider/heaven-sent-home-health-services,2,10,20%,2.6
https://olera.care/provider/american-family-health-services,2,10,20%,5.4
https://olera.care/provider/stonehenge-elderly-apartments,2,10,20%,14.3
https://olera.care/provider/eastern-europe-home-care-llc,2,10,20%,18.4
https://olera.care/provider/landis-manor-home,2,9,22.22%,3.33
https://olera.care/provider/affable-healthcare-services,2,9,22.22%,4.78
https://olera.care/provider/the-home-health-team,2,9,22.22%,7.44
https://olera.care/provider/sutter-care-at-home-alameda-sips,2,9,22.22%,7.89
https://olera.care/provider/st-joseph-home-health-care-services,2,8,25%,4.25
https://olera.care/provider/villages-at-vintage-oaks,2,8,25%,13.75
https://olera.care/provider/peak-medical-home-care-home-health-care-caregivers-and-senior-care-freeport,2,8,25%,14.88
https://olera.care/provider/union-city-senior-citizen-s,2,7,28.57%,3.57
https://olera.care/provider/iris-avenue-group-home,2,7,28.57%,4
https://olera.care/provider/helping-hands-assisted-living-md-suitland,2,7,28.57%,8.29
https://olera.care/provider/peaceful-place-adult-group-home,2,7,28.57%,10
https://olera.care/provider/primary-home-care-specialties,2,6,33.33%,2.17
https://olera.care/provider/carelink-assisted-living,2,6,33.33%,2.83
https://olera.care/provider/reasons-family-type-home,2,6,33.33%,2.83
https://olera.care/provider/serenity-house-of-care-assisted-living,2,6,33.33%,2.83
https://olera.care/provider/morning-star-home-care,2,6,33.33%,3.33
https://olera.care/provider/paris-pediatric-home-health-care,2,6,33.33%,5.5
https://olera.care/provider/good-samaritan-society-ia-clinton,2,6,33.33%,6.5
https://olera.care/provider/citrus-crest-care-home,2,6,33.33%,9.67
https://olera.care/provider/sugar-creek-apartments,2,6,33.33%,14.17
https://olera.care/provider/living-independent-fair-and-equal,2,5,40%,3.6
https://olera.care/provider/aspire-at-colonial-lakes,2,5,40%,5.8
https://olera.care/provider/central-ohio-home-help-agency,2,5,40%,5.8
https://olera.care/provider/tri-state-capital-district-nursing-companion-services-llc,2,5,40%,6
https://olera.care/provider/asbury-senior-apartments,2,5,40%,6.4
https://olera.care/provider/storypoint-bolingbrook,2,5,40%,9.8
https://olera.care/waiver-library/west-virginia/home-delivered-meals,2,4,50%,1.25
https://olera.care/provider/ambrose-hills-town-homes,2,4,50%,4
https://olera.care/provider/valencia-home-health-care,2,4,50%,4
https://olera.care/provider/bee-first-primary-home-care-tx-suwanee,2,4,50%,4.25
https://olera.care/provider/mactown-dolphin-group-home,2,4,50%,4.75
https://olera.care/provider/tmc-home-health,2,4,50%,6.5
https://olera.care/provider/j-c-bull-apartments,2,4,50%,6.75
https://olera.care/provider/senior-living-at-cambridge-heights,2,4,50%,22.5
https://olera.care/provider/simple-touch-home-care,2,3,66.67%,4.33
https://olera.care/waiver-library,2,3,66.67%,5
https://olera.care/provider/red-river-home-health,2,3,66.67%,5.67
https://olera.care/provider/lee-quality-home-care,2,3,66.67%,6.33
https://olera.care/provider/welcome-home-care-ca-san-rafael,2,3,66.67%,7.33
https://olera.care/provider/the-residence-covenant-care-memory-care-community,2,3,66.67%,9
https://olera.care/provider/marjorie-s-house-private-home-care-agency,2,2,100%,1
https://olera.care/provider/park-view-villa-assisted-living,2,2,100%,1
https://olera.care/senior-communities/nj/teaneck/page/6,2,2,100%,1
https://olera.care/provider/a-home-away-from-home-ca-redlands,2,2,100%,2.5
https://olera.care/provider/gdm-home-health-inc,2,2,100%,4.5
https://olera.care/provider/sc-homecare-solutions,1,1137,0.09%,35.81
https://olera.care/assisted-living/colorado/colorado-springs,1,597,0.17%,42.43
https://olera.care/provider/vista-village,1,554,0.18%,42.79
https://olera.care/assisted-living/louisiana/lafayette,1,439,0.23%,44.83
https://olera.care/provider/uw-health-care-direct,1,413,0.24%,10.15
https://olera.care/provider/kingswood-reserve-luxury-senior-living,1,382,0.26%,11.69
https://olera.care/assisted-living/kansas/olathe,1,330,0.3%,59.85
https://olera.care/caregiver-support/does-blue-cross-blue-shield-cover-caregiver-expenses#introduction,1,322,0.31%,6.32
https://olera.care/provider/true-care-home-care-bronx,1,304,0.33%,8.97
https://olera.care/provider/st-jude-s-nursing-facility,1,303,0.33%,9.59
https://olera.care/provider/highland-park-care-center-pa,1,300,0.33%,44.83
https://olera.care/provider/covenant-living-at-inverness,1,294,0.34%,5.74
https://olera.care/caregiver-support/elder-transportation-services-a-guide-to-safe-and-reliable-options,1,284,0.35%,13.79
https://olera.care/assisted-living/oklahoma/oklahoma-city,1,274,0.36%,49.14
https://olera.care/home-care/illinois/naperville,1,267,0.37%,50.84
https://olera.care/nursing-home/north-dakota/fargo,1,255,0.39%,47.1
https://olera.care/provider/avir-at-arlington-tx,1,240,0.42%,9.98
https://olera.care/home-care/texas/tyler,1,238,0.42%,33.8
https://olera.care/caregiver-support/compensating-family-caregivers-understanding-medicaid-friendly-personal-care-agreements,1,224,0.45%,8.57
https://olera.care/provider/the-courts-at-four-seasons-at-beaumont,1,215,0.47%,28.43
https://olera.care/caregiver-forum,1,214,0.47%,9.66
https://olera.care/nursing-home/ohio,1,213,0.47%,46.19
https://olera.care/assisted-living/ohio/toledo,1,213,0.47%,49.95
https://olera.care/waiver-library/texas/texas-medicaid-for-the-elderly-and-people-with-disabilities,1,212,0.47%,35.92
https://olera.care/provider/golden-home-services,1,211,0.47%,4.16
https://olera.care/provider/windsor-place-at-home-care,1,211,0.47%,15.61
https://olera.care/provider/trinity-woods,1,209,0.48%,14.23
https://olera.care/provider/family-tree-private-care-tx-denton,1,208,0.48%,65.19
https://olera.care/provider/golden-living-senior-apartments,1,206,0.49%,27.94
https://olera.care/provider/restore-home-healthcare-of-broken-arrow-home-health,1,203,0.49%,31.23
https://olera.care/assisted-living/arizona/phoenix,1,200,0.5%,57.26
https://olera.care/provider/trenton-gardens-rehabilitation-and-nursing-center,1,194,0.52%,14.6
https://olera.care/provider/caregivers-for-seniors,1,186,0.54%,29.26
https://olera.care/assisted-living/virginia/lynchburg,1,186,0.54%,54.5
https://olera.care/provider/white-glove-community-care-ny,1,182,0.55%,9.46
https://olera.care/provider/willow-springs-healthcare-center-formerly-promedica-manorcare-palm-desert,1,181,0.55%,13.76
https://olera.care/home-care/south-carolina/spartanburg,1,180,0.56%,52.56
https://olera.care/provider/azalea-heights,1,179,0.56%,9.82
https://olera.care/provider/oak-leaf-manor,1,177,0.56%,16.91
https://olera.care/provider/green-house-homes,1,176,0.57%,53.03
https://olera.care/provider/preferred-transitions-home-health-care,1,172,0.58%,6.92
https://olera.care/nursing-home/ohio/cleveland,1,172,0.58%,40.49
https://olera.care/provider/one-homecare-solutions,1,170,0.59%,10.71
https://olera.care/provider/greenfield-manor,1,170,0.59%,27.65
https://olera.care/provider/oklahoma-memory-care-institute,1,167,0.6%,39.69
https://olera.care/provider/zahav-of-berwyn,1,166,0.6%,10.87
https://olera.care/provider/morgantown-heights,1,166,0.6%,12.13
https://olera.care/provider/always-home-care-nj-clifton,1,164,0.61%,21.65
https://olera.care/provider/the-blake-at-tyler,1,161,0.62%,10.81
https://olera.care/assisted-living/texas/katy,1,159,0.63%,43.2
https://olera.care/provider/avir-at-portland,1,157,0.64%,6.57
https://olera.care/assisted-living/michigan/canton,1,157,0.64%,35.08
https://olera.care/provider/st-bernards-villa,1,156,0.64%,14.45
https://olera.care/provider/compassionate-care-homes-llc,1,156,0.64%,47.45
https://olera.care/provider/southeast-home-care-respiratory-services,1,155,0.65%,14.83
https://olera.care/home-care/ok/oklahoma-city,1,154,0.65%,60.5
https://olera.care/provider/river-oaks-senior-living-community,1,151,0.66%,26.36
https://olera.care/provider/alpha-care-home-health-services-of-nj,1,148,0.68%,7.87
https://olera.care/provider/haymount-manor-apartments,1,147,0.68%,8.5
https://olera.care/provider/deep-creek-rehab-nursing-center,1,147,0.68%,16.95
https://olera.care/home-care/north-dakota,1,147,0.68%,24.18
https://olera.care/provider/pink-angels-home-caregivers,1,145,0.69%,6.79
https://olera.care/provider/trinity-in-home-care,1,145,0.69%,9.79
https://olera.care/provider/saint-elizabeth-home-care-formerly-cathleen-naughton-associates,1,144,0.69%,7.17
https://olera.care/provider/prosperity-health-care,1,143,0.7%,8.45
https://olera.care/provider/help-at-home-pa-erie,1,143,0.7%,9.84
https://olera.care/provider/briarwood-nursing-and-rehab,1,142,0.7%,12.23
https://olera.care/assisted-living/nv/reno,1,142,0.7%,46.13
https://olera.care/provider/shore-park-hi-rise,1,141,0.71%,26.59
https://olera.care/provider/las-alturas-nursing-transitional-care,1,140,0.71%,17.51
https://olera.care/provider/abarim-home-healthcare,1,139,0.72%,4.7
https://olera.care/provider/help-at-home-pa-scranton,1,138,0.72%,8.01
https://olera.care/provider/silverline-staff-home-health,1,138,0.72%,8.2
https://olera.care/provider/agnes-home-healthcare,1,138,0.72%,22.91
https://olera.care/provider/santa-fe-primary-home-care-services,1,137,0.73%,5.42
https://olera.care/waiver-library/idaho/aged-and-disabled-a-d-waiver,1,136,0.74%,8.38
https://olera.care/provider/first-choice-in-home-care-wa-renton,1,136,0.74%,8.91
https://olera.care/provider/gardens-of-somerset,1,135,0.74%,9.92
https://olera.care/provider/maplewood-senior-active-living,1,135,0.74%,11.44
https://olera.care/assisted-living/pennsylvania/lancaster,1,135,0.74%,55.59
https://olera.care/provider/lake-norman-home-health,1,134,0.75%,11.48
https://olera.care/provider/silver-creek-nursing-and-rehab,1,133,0.75%,8.67
https://olera.care/provider/the-retreat-alzheimer-s-speciality-care,1,132,0.76%,16.92
https://olera.care/provider/maulin-home-care-services,1,131,0.76%,6.66
https://olera.care/provider/willows-retirement-living,1,131,0.76%,16.85
https://olera.care/independent-living/south-carolina/rock-hill,1,131,0.76%,53.25
https://olera.care/independent-living/tennessee/knoxville,1,131,0.76%,61.81
https://olera.care/provider/park-david-senior-apartments,1,130,0.77%,16.49
https://olera.care/provider/at-home-personal-care-services,1,128,0.78%,25.09
https://olera.care/provider/brookdale-senior-living-milwaukee-office,1,127,0.79%,9.31
https://olera.care/provider/all-american-home-care-agency-harrisburg-pa,1,127,0.79%,11.34
https://olera.care/provider/cornerstone-at-barnegat-55,1,126,0.79%,10.02
https://olera.care/provider/constant-care-247,1,125,0.8%,8.49
https://olera.care/provider/always-compassionate-home-care-white-plains-office,1,124,0.81%,10.17
https://olera.care/caregiver-support/are-caregiver-expenses-tax-deductible,1,124,0.81%,25.93
https://olera.care/provider/visiting-angels-ks,1,123,0.81%,9.67
https://olera.care/provider/burlingame-skilled-nursing,1,123,0.81%,9.93
https://olera.care/provider/vista-pines-apartment-homes-senior-living,1,120,0.83%,13.07
https://olera.care/home-care/ohio/westerville,1,119,0.84%,43.71
https://olera.care/provider/montclair-park-assisted-living,1,119,0.84%,47.03
https://olera.care/provider/strong-care-home,1,118,0.85%,49.38
https://olera.care/provider/bellflower-terrace-senior-apartments,1,116,0.86%,8.38
https://olera.care/provider/aqua-home-care-orlando-fl,1,114,0.88%,13.04
https://olera.care/provider/evergreen-health-care-management,1,114,0.88%,13.28
https://olera.care/provider/vandever-house,1,114,0.88%,23.31
https://olera.care/provider/ashby-ponds,1,113,0.88%,11.35
https://olera.care/provider/woodland-senior-apartments,1,113,0.88%,32.49
https://olera.care/provider/eternal-life-adult-family-home,1,112,0.89%,6.36
https://olera.care/provider/peachtree-hills-place,1,111,0.9%,9.93
https://olera.care/provider/greens-at-gastonia,1,110,0.91%,24.18
https://olera.care/provider/la-guadalupana,1,109,0.92%,5.39
https://olera.care/provider/magnolia-estates-rehab-retirement,1,109,0.92%,9.59
https://olera.care/provider/fox-river-crossing-apartments,1,108,0.93%,10.27
https://olera.care/home-care/iowa/des-moines,1,108,0.93%,36.49
https://olera.care/provider/the-peak-center,1,107,0.93%,13.76
https://olera.care/provider/theracare-home-health-college-station,1,107,0.93%,21.3
https://olera.care/provider/accentcare-personal-care-services-tx-victoria,1,106,0.94%,7.79
https://olera.care/provider/good-neighbor-support-services,1,105,0.95%,9.82
https://olera.care/provider/village-center-care-home-health,1,105,0.95%,17.53
https://olera.care/provider/house-of-hope-tx,1,104,0.96%,3.1
https://olera.care/provider/help-at-home-il-oak-lawn,1,104,0.96%,8.24
https://olera.care/provider/the-legacy-at-st-joseph-s,1,103,0.97%,8.88
https://olera.care/provider/smith-tower-apartments,1,101,0.99%,6.61
https://olera.care/caregiver-support/find-top-house-and-yard-maintenance-services-for-seniors-enhance-your-living-space,1,101,0.99%,9.65
https://olera.care/provider/santa-fe-home-care-nm,1,101,0.99%,22.38
https://olera.care/provider/heavenly-heart-home-care,1,101,0.99%,38.94
https://olera.care/provider/rose-garden-an-active-55-community,1,100,1%,11.03
https://olera.care/provider/first-choice-assisted-living,1,99,1.01%,14.39
https://olera.care/provider/st-teresa-s-villa,1,98,1.02%,18.03
https://olera.care/assisted-living/texas/irving,1,98,1.02%,40.93
https://olera.care/home-health-care/delaware/wilmington,1,97,1.03%,45.6
https://olera.care/provider/alpha-home-care-services-fl,1,96,1.04%,12.91
https://olera.care/provider/elite-homecare-of-buckhead,1,96,1.04%,13.73
https://olera.care/provider/aunt-mae-s-home-care,1,95,1.05%,6.29
https://olera.care/provider/avila-home-care-md,1,95,1.05%,12.42
https://olera.care/provider/elite-care-home-care-services,1,95,1.05%,16.43
https://olera.care/provider/tangle-brush-villa-apartments-affordable-senior-housing,1,94,1.06%,3.91
https://olera.care/provider/american-medical-home-health-corpus-christi,1,94,1.06%,10.81
https://olera.care/provider/grady-s-walk,1,94,1.06%,21.24
https://olera.care/assisted-living/new-york/albany,1,94,1.06%,35.28
https://olera.care/waiver-library/ohio,1,94,1.06%,41.83
https://olera.care/senior-communities/ca/east-palo-alto,1,93,1.08%,64.72
https://olera.care/provider/missoula-manor,1,92,1.09%,8.43
https://olera.care/nursing-home/nc/raleigh,1,92,1.09%,27.65
https://olera.care/provider/bootheel-in-home-care-services,1,91,1.1%,10.63
https://olera.care/provider/tanis-valdez-village,1,91,1.1%,10.85
https://olera.care/provider/special-home-care,1,91,1.1%,23.73
https://olera.care/provider/better-home-health-care-ny,1,90,1.11%,9.13
https://olera.care/provider/morningside-of-fullerton,1,90,1.11%,10.63
https://olera.care/provider/highland-heights-health-rehabilitation,1,90,1.11%,60.92
https://olera.care/provider/best-choice-home-health-care,1,89,1.12%,11.4
https://olera.care/provider/patriot-home-care-allentown,1,89,1.12%,14.29
https://olera.care/provider/the-preserve-townhomes,1,88,1.14%,9.6
https://olera.care/provider/aura-home-health,1,88,1.14%,10.2
https://olera.care/provider/cornerstone-caregiving-ar-searcy,1,88,1.14%,12.65
https://olera.care/provider/z-best-home-care-inc,1,87,1.15%,8.37
https://olera.care/provider/visiting-angels-ut-ogden,1,87,1.15%,10.3
https://olera.care/provider/compassionate-friends-homecare,1,87,1.15%,13.86
https://olera.care/provider/oasis-home-health-agency-llc,1,87,1.15%,18.89
https://olera.care/assisted-living/minnesota/moorhead,1,87,1.15%,44.53
https://olera.care/provider/the-waters-of-memphis,1,86,1.16%,13.28
https://olera.care/provider/ann-s-dream-healthcare-llc,1,85,1.18%,5.62
https://olera.care/provider/meadowlark-adult-care-home,1,84,1.19%,10.71
https://olera.care/provider/melrose-assisted-living,1,83,1.2%,27.39
https://olera.care/provider/best-care-agency,1,82,1.22%,8.8
https://olera.care/provider/los-reyes-home-care,1,81,1.23%,6.64
https://olera.care/provider/creekside-apartments-ny,1,81,1.23%,10.33
https://olera.care/provider/santa-monica-christian-towers,1,80,1.25%,7
https://olera.care/provider/buchanan-cottages,1,77,1.3%,7.44
https://olera.care/provider/elara-caring-il-des-plaines,1,77,1.3%,16.55
https://olera.care/assisted-living/indiana/south-bend,1,77,1.3%,43.12
https://olera.care/provider/santiam-gardens-residential-care,1,76,1.32%,6.45
https://olera.care/provider/villa-caridad,1,76,1.32%,8.37
https://olera.care/provider/country-villa-claremont-healthcare-center,1,76,1.32%,24.24
https://olera.care/provider/hometown-care-community-caregivers,1,76,1.32%,24.92
https://olera.care/provider/kirby-park-villas-daisy-new-home-apartment,1,75,1.33%,8.84
https://olera.care/provider/new-horizons-in-home-care-or,1,74,1.35%,11.04
https://olera.care/provider/giving-home-health-care-nm-albuquerque,1,74,1.35%,17.08
https://olera.care/provider/bellbrook-estates-at-sabine,1,73,1.37%,4.04
https://olera.care/provider/mount-carmel-bluffs,1,73,1.37%,7.86
https://olera.care/provider/sutter-care-at-home-san-jose-hospice-of-the-valley,1,73,1.37%,12.14
https://olera.care/provider/central-carolina-home-care,1,73,1.37%,17.23
https://olera.care/provider/visiting-angels-co-loveland,1,72,1.39%,9.61
https://olera.care/provider/the-summit-at-chenal-valley-senior-living,1,72,1.39%,11.56
https://olera.care/provider/apollo-advanced-home-health-corporation,1,72,1.39%,12.36
https://olera.care/provider/avalon-care-center-portland,1,72,1.39%,13.18
https://olera.care/waiver-library/new-jersey/nj-liheap-low-income-home-energy-assistance-program,1,72,1.39%,26.12
https://olera.care/independent-living/florida/winter-haven,1,72,1.39%,49.49
https://olera.care/provider/downer-place-i-of-lssi,1,71,1.41%,9.24
https://olera.care/provider/girling-personal-care-tx-tyler,1,71,1.41%,29
https://olera.care/provider/home-health-care-agency-manhattan,1,71,1.41%,60.59
https://olera.care/provider/biscochito-homecare,1,70,1.43%,6.74
https://olera.care/provider/rolling-meadows,1,70,1.43%,7.74
https://olera.care/provider/arosa-san-gabriel-valley,1,70,1.43%,8.9
https://olera.care/provider/holly-court-assisted-living,1,70,1.43%,9.96
https://olera.care/provider/sahara-home-care,1,70,1.43%,26.07
https://olera.care/provider/the-concierge,1,70,1.43%,29
https://olera.care/provider/john-f-kennedy-towers-senior-housing,1,69,1.45%,8.46
https://olera.care/provider/the-lakewoods-senior-apartments,1,69,1.45%,8.58
https://olera.care/provider/lutheran-hillside-village,1,68,1.47%,9.37
https://olera.care/provider/marian-center-of-st-paul,1,68,1.47%,11.06
https://olera.care/waiver-library/connecticut/connecticut-home-care-program-for-elders-chcpe-waiver,1,68,1.47%,17.57
https://olera.care/provider/exceptional-hearts-home-care-agency,1,67,1.49%,7.78
https://olera.care/provider/villa-bella,1,67,1.49%,9.82
https://olera.care/provider/care-with-love-va,1,67,1.49%,13.24
https://olera.care/provider/able-life-care-services,1,67,1.49%,17.3
https://olera.care/provider/1st-choice-home-care-ar-jonesboro,1,66,1.52%,6.14
https://olera.care/provider/jessica-estates,1,66,1.52%,6.47
https://olera.care/provider/the-blossoms-at-fort-smith-rehab-nursing-center,1,66,1.52%,11.03
https://olera.care/nursing-home/wa/spokane,1,66,1.52%,74.29
https://olera.care/provider/torres-primary-home-care,1,65,1.54%,6.4
https://olera.care/waiver-library/idaho,1,65,1.54%,11.03
https://olera.care/provider/palmyra-richlyn-fern-gardens-senior-apartment-homes,1,65,1.54%,11.65
https://olera.care/provider/asbury-place,1,65,1.54%,16.12
https://olera.care/memory-care/south-carolina/greenville,1,65,1.54%,41.98
https://olera.care/provider/stallworth-afc-home,1,64,1.56%,5.94
https://olera.care/provider/archstone-care-center-where-everyone-is-family,1,64,1.56%,6.55
https://olera.care/provider/privatus-care-solutions-ct,1,64,1.56%,11.77
https://olera.care/provider/windsor-place-at-home-care-lawrence,1,64,1.56%,14.88
https://olera.care/provider/serenity-gardens-at-brick,1,64,1.56%,37.83
https://olera.care/assisted-living/nevada/las-vegas,1,64,1.56%,57.83
https://olera.care/provider/exceptional-living-centers,1,63,1.59%,6.98
https://olera.care/provider/answered-prayer-home-care-service,1,63,1.59%,7.7
https://olera.care/provider/heavenly-home-care-fl,1,63,1.59%,28.84
https://olera.care/provider/gloria-s-angels-home-health-care,1,62,1.61%,3.63
https://olera.care/provider/birdsong-place-villas,1,62,1.61%,8.73
https://olera.care/provider/cornerstone-caregiving-tx-laredo,1,62,1.61%,9.18
https://olera.care/provider/the-gardens-of-st-francis,1,62,1.61%,9.35
https://olera.care/provider/goldstar-living,1,62,1.61%,18.08
https://olera.care/waiver-library/north-carolina/community-alternatives-program-for-disabled-adults-cap-da,1,62,1.61%,23.08
https://olera.care/home-health-care/arizona/san-tan-valley,1,62,1.61%,44.32
https://olera.care/provider/luna-house-assisted-living,1,61,1.64%,4.95
https://olera.care/provider/cl-nica-hispana-dixie,1,61,1.64%,5.43
https://olera.care/provider/st-david-s-co-op-apartments,1,61,1.64%,7.03
https://olera.care/provider/visiting-angels-in-carmel,1,61,1.64%,8.44
https://olera.care/provider/park-pointe-village,1,61,1.64%,9.61
https://olera.care/provider/grand-villa-assisted-living-at-winston,1,61,1.64%,15.43
https://olera.care/provider/associated-home-care-ma-norwood,1,61,1.64%,15.49
https://olera.care/home-care/oklahoma/oklahoma-city,1,61,1.64%,64.33
https://olera.care/provider/allure-home-care-llc,1,60,1.67%,6.87
https://olera.care/home-care/california/lake-forest,1,60,1.67%,29.48
https://olera.care/provider/cobblestone-place-at-webster,1,59,1.69%,7.78
https://olera.care/provider/15-craigside,1,59,1.69%,10.47
https://olera.care/provider/st-james-place,1,59,1.69%,19.17
https://olera.care/provider/whispering-pines-personal-care-home,1,59,1.69%,21.47
https://olera.care/provider/pennybyrn,1,58,1.72%,7.97
https://olera.care/provider/sutter-care-at-home-santa-cruz-home-health,1,58,1.72%,11.05
https://olera.care/provider/douglas-gardens-v,1,58,1.72%,15.45
https://olera.care/provider/lakeland-seniors-apartments,1,58,1.72%,16.71
https://olera.care/provider/c-k-group-home,1,58,1.72%,17.47
https://olera.care/provider/vista-hermosa-at-vista-living-care,1,57,1.75%,5.56
https://olera.care/provider/oakshire-apartments,1,57,1.75%,6.58
https://olera.care/provider/dependable-care-services,1,57,1.75%,6.98
https://olera.care/provider/anson-park-senior,1,57,1.75%,9.44
https://olera.care/provider/all-about-you-homecare-ct,1,57,1.75%,18.68
https://olera.care/provider/legacy-home-health-care-of-marion-county,1,56,1.79%,8.61
https://olera.care/provider/visiting-angels-nc-wilmington,1,56,1.79%,9.79
https://olera.care/provider/brickyard-healthcare-willow-springs-care-center,1,56,1.79%,10.27
https://olera.care/provider/the-healthcare-center-at-buck-creek,1,56,1.79%,11.95
https://olera.care/provider/uptown-health-care-center,1,56,1.79%,21.89
https://olera.care/provider/reliant-at-home-tx,1,55,1.82%,5.76
https://olera.care/provider/love-hand-home-health,1,55,1.82%,7.18
https://olera.care/provider/our-summer-place,1,55,1.82%,9.58
https://olera.care/provider/sunrise-nursing-rehab-center,1,55,1.82%,11.07
https://olera.care/provider/arbor-landing-at-compass-pointe,1,55,1.82%,45.85
https://olera.care/contact,1,54,1.85%,2.13
https://olera.care/provider/the-lipton-house,1,54,1.85%,5.5
https://olera.care/provider/the-cottages-of-petaluma,1,54,1.85%,9.28
https://olera.care/provider/mount-washington-senior-apartments,1,54,1.85%,13.72
https://olera.care/home-health-care/new-mexico,1,54,1.85%,37.24
https://olera.care/waiver-library/rhode-island/long-term-services-and-supports-ltss-waiver,1,53,1.89%,8.06
https://olera.care/provider/pleasant-view-apartments,1,53,1.89%,8.38
https://olera.care/provider/grundy-tower,1,53,1.89%,8.66
https://olera.care/provider/southwestern-home-health-nm,1,53,1.89%,8.85
https://olera.care/provider/visiting-angels-home-care-wa,1,53,1.89%,12.42
https://olera.care/provider/sheffield-meadow-apartments,1,52,1.92%,6.4
https://olera.care/provider/landmark-commons,1,51,1.96%,6.57
https://olera.care/provider/clara-welty-retirement-apartments,1,51,1.96%,7.25
https://olera.care/provider/help-at-home-il-skokie,1,51,1.96%,8.37
https://olera.care/provider/bailey-s-grove-retirement-community,1,51,1.96%,8.65
https://olera.care/provider/kahl-home,1,51,1.96%,9.82
https://olera.care/provider/laurel-senior-living,1,51,1.96%,14.78
https://olera.care/provider/golden-hearts-home-care-ks,1,51,1.96%,15.18
https://olera.care/assisted-living/michigan/battle-creek,1,51,1.96%,39.55
https://olera.care/provider/homelink-home-care,1,50,2%,4.68
https://olera.care/provider/big-thompson-manor-ii,1,50,2%,5.74
https://olera.care/provider/star-living-ks,1,50,2%,7.34
https://olera.care/provider/montgomery-meadows,1,50,2%,7.8
https://olera.care/provider/alternative-home-care-services,1,50,2%,8.38
https://olera.care/provider/liberty-at-aliso,1,50,2%,8.78
https://olera.care/provider/the-reserve-at-napa-affordable-apartments-62,1,50,2%,10.9
https://olera.care/provider/village-gardens,1,49,2.04%,6.71
https://olera.care/provider/creative-home-care-solutions-inc,1,49,2.04%,7.02
https://olera.care/provider/detray-s-lakeview-meadows-55-community,1,49,2.04%,7.02
https://olera.care/provider/americare-wartburg,1,49,2.04%,12.31
https://olera.care/provider/all-ways-caring-homecare-charlotte-north-carolina,1,49,2.04%,13.08
https://olera.care/provider/all-n-one-home-health-agency-llc,1,49,2.04%,15.86
https://olera.care/nursing-home/north-carolina/jacksonville,1,49,2.04%,44.53
https://olera.care/provider/stay-graceful-sioux-falls,1,48,2.08%,6.83
https://olera.care/provider/accentcare-ms,1,48,2.08%,8.77
https://olera.care/provider/nightingale-home-healthcare-mn,1,48,2.08%,9.54
https://olera.care/provider/lake-charles-voa-living-center,1,48,2.08%,32.17
https://olera.care/nursing-home/michigan,1,48,2.08%,32.54
https://olera.care/provider/triple-o-health-services,1,47,2.13%,5.85
https://olera.care/provider/grace-place,1,47,2.13%,6.02
https://olera.care/provider/medical-city-healthcare-at-home,1,47,2.13%,7.26
https://olera.care/provider/branchwood-village,1,47,2.13%,7.47
https://olera.care/provider/landy-care,1,47,2.13%,8.81
https://olera.care/provider/ghc-of-pleasanton,1,47,2.13%,13.89
https://olera.care/provider/preferred-home-health-care-nursing-services-nj-jersey-city,1,47,2.13%,17.11
https://olera.care/provider/eden-healthcare-center,1,47,2.13%,20.79
https://olera.care/independent-living/alabama/mobile,1,47,2.13%,50.3
https://olera.care/provider/alliance-northwest-healthcare,1,46,2.17%,4.5
https://olera.care/provider/the-muse-at-town-center-apartments-age-55,1,46,2.17%,7.65
https://olera.care/provider/westland-meadows-apartments,1,46,2.17%,8.54
https://olera.care/provider/the-addison-of-erie-station,1,46,2.17%,8.74
https://olera.care/provider/north-carolina-state-veterans-home-kernersville,1,46,2.17%,22.7
https://olera.care/provider/battle-buddies-home-healthcare,1,45,2.22%,3.02
https://olera.care/provider/hathaway-court-apartments,1,45,2.22%,6.51
https://olera.care/provider/helping-hands-home-health-care,1,45,2.22%,7.4
https://olera.care/provider/jefferson-meadows,1,45,2.22%,8.22
https://olera.care/provider/carrington-place-of-chesapeake,1,45,2.22%,8.64
https://olera.care/provider/any-time-home-care-ny-poughkeepsie,1,45,2.22%,8.78
https://olera.care/provider/green-avenue-towers,1,45,2.22%,9.98
https://olera.care/provider/the-oaks-at-whitaker-glen,1,45,2.22%,12.73
https://olera.care/caregiver-support/professional-caregiver-education-requirements,1,45,2.22%,14.38
https://olera.care/provider/grace-house,1,45,2.22%,17.18
https://olera.care/home-health-care/minnesota/mankato,1,45,2.22%,33.78
https://olera.care/provider/calle-vinas,1,44,2.27%,3.68
https://olera.care/provider/community-home-health-care-recruiting-office-ny-kingston,1,44,2.27%,7.84
https://olera.care/provider/penny-lane,1,44,2.27%,8.45
https://olera.care/provider/amber-house-luxury-senior-living,1,44,2.27%,9.05
https://olera.care/provider/advance-home-health,1,44,2.27%,9.59
https://olera.care/provider/divine-fijians-home-care,1,44,2.27%,11.93
https://olera.care/provider/chateau-rehabilitation-and-healthcare-center,1,44,2.27%,15.02
https://olera.care/provider/maxim-healthcare-nc-charlotte,1,44,2.27%,15.75
https://olera.care/provider/wisba-home-health-care-senior-care-services,1,44,2.27%,22.8
https://olera.care/provider/charlotte-s-coves-personal-care-home,1,43,2.33%,4.19
https://olera.care/provider/texas-palomita-services,1,43,2.33%,5.51
https://olera.care/provider/cater-2-u-home-health-care-services,1,43,2.33%,6.95
https://olera.care/provider/telacu-villa,1,43,2.33%,7.42
https://olera.care/provider/life-nwpa,1,43,2.33%,7.84
https://olera.care/provider/avalon-square,1,43,2.33%,8.42
https://olera.care/provider/faith-village-group-home,1,43,2.33%,19.09
https://olera.care/provider/pearl-care-home,1,43,2.33%,29.72
https://olera.care/provider/hammer-lane-village,1,42,2.38%,9.24
https://olera.care/provider/careplus-home-health-care,1,42,2.38%,10.52
https://olera.care/provider/south-park-manor-co-op-apartments,1,41,2.44%,5.51
https://olera.care/provider/sycamore-terrace,1,41,2.44%,6.71
https://olera.care/provider/7-sisters-homecare,1,41,2.44%,6.83
https://olera.care/provider/purposeful-residential-care,1,41,2.44%,6.93
https://olera.care/provider/lasting-love-homecare,1,41,2.44%,6.95
https://olera.care/provider/oxford-place,1,41,2.44%,7.9
https://olera.care/provider/ashton-way-apartments-retirement-community,1,41,2.44%,8.12
https://olera.care/provider/watercrest-macon,1,41,2.44%,8.27
https://olera.care/provider/a-new-hope-home-care,1,41,2.44%,9.37
https://olera.care/provider/resilience-home-health,1,41,2.44%,10.51
https://olera.care/provider/high-plains-senior-care-tx-amarillo,1,41,2.44%,11.29
https://olera.care/provider/emmaus-villa-group-home,1,41,2.44%,12.49
https://olera.care/provider/kaweah-health-private-home-care,1,41,2.44%,13.29
https://olera.care/provider/elite-home-health,1,41,2.44%,13.44
https://olera.care/provider/casper-home-health,1,41,2.44%,14.8
https://olera.care/provider/providence-home-care-nd,1,41,2.44%,27.05
https://olera.care/provider/woodbrook-assisted-living-residence,1,41,2.44%,30.41
https://olera.care/provider/mother-s-love-hhc,1,41,2.44%,43.02
https://olera.care/provider/atlee-home-care,1,40,2.5%,5.67
https://olera.care/waiver-library/delaware/medicare-savings-program-qmb-slmb-qi,1,40,2.5%,7.92
https://olera.care/provider/ohlone-gardens,1,40,2.5%,8.03
https://olera.care/provider/villas-at-logan-gardens,1,40,2.5%,8.68
https://olera.care/provider/cambrian-homecare,1,40,2.5%,9.78
https://olera.care/provider/arosa-nc-triangle-nc-durham,1,40,2.5%,13.15
https://olera.care/provider/all-heart-homecare-agency-inc-ny-brooklyn,1,40,2.5%,13.22
https://olera.care/provider/golden-hands-home-health,1,39,2.56%,5.41
https://olera.care/waiver-library/minnesota/minnesota-property-tax-refund-ptf-for-seniors,1,39,2.56%,10.1
https://olera.care/provider/springhouse-village,1,39,2.56%,12.33
https://olera.care/provider/paradigm-at-westbury,1,39,2.56%,15.41
https://olera.care/provider/life-care-center-of-south-hill,1,39,2.56%,19.41
https://olera.care/provider/home-for-mom-and-dad-alf,1,39,2.56%,20.97
https://olera.care/provider/hope-in-home-care-va-mechanicsville,1,39,2.56%,24.05
https://olera.care/provider/caring-path-home-health-services,1,38,2.63%,7
https://olera.care/provider/penelope-54-apartments-54,1,38,2.63%,7.05
https://olera.care/provider/itc-personal-in-home-care-az,1,38,2.63%,7.39
https://olera.care/provider/divine-rehabilitation-and-nursing-at-honeytown,1,38,2.63%,8.26
https://olera.care/provider/blue-star-home-care-llc,1,38,2.63%,9.45
https://olera.care/provider/creekview-senior-community-apartments,1,38,2.63%,9.45
https://olera.care/waiver-library/louisiana/national-family-caregiver-support-program,1,38,2.63%,11.11
https://olera.care/provider/fidelis-residential-care-homes,1,38,2.63%,12.79
https://olera.care/provider/carol-woods-nc,1,38,2.63%,14.39
https://olera.care/provider/oasis-home-health-care,1,38,2.63%,29.24
https://olera.care/home-care/ohio/akron,1,38,2.63%,36.5
https://olera.care/provider/catholic-community-services-home-care,1,37,2.7%,8.41
https://olera.care/provider/all-seniors-assisted-living-facility,1,37,2.7%,8.92
https://olera.care/provider/jack-satter-house,1,37,2.7%,11.35
https://olera.care/provider/liberty-village,1,37,2.7%,13.05
https://olera.care/provider/wentzville-senior-citizens-corp,1,37,2.7%,21.14
https://olera.care/nursing-home/texas/killeen,1,37,2.7%,23.08
https://olera.care/provider/caring-angels-homecare,1,37,2.7%,28.62
https://olera.care/provider/mcauley-terrace-independent-living,1,36,2.78%,4
https://olera.care/provider/better-home-fl,1,36,2.78%,7.78
https://olera.care/provider/manchester-commons,1,36,2.78%,9.44
https://olera.care/provider/excel-home-health-care,1,36,2.78%,11.67
https://olera.care/provider/holland-home-breton-terrace,1,36,2.78%,20.25
https://olera.care/provider/kenosha-drive-apartments-affordable-senior-apartments,1,35,2.86%,6.03
https://olera.care/provider/alma-gardens-apartments,1,35,2.86%,7.63
https://olera.care/provider/gift-of-hands-home-healthcare-services,1,35,2.86%,8.29
https://olera.care/provider/center-communities-of-brookline-danesh-residences,1,35,2.86%,8.66
https://olera.care/provider/a-special-place-care-home,1,35,2.86%,9.03
https://olera.care/provider/sunny-village-care-center,1,35,2.86%,9.63
https://olera.care/provider/cranes-landing,1,35,2.86%,10.66
https://olera.care/provider/zvago-central-village-apple-valley,1,35,2.86%,11.51
https://olera.care/provider/the-sanctuary-at-stonehaven,1,35,2.86%,15.6
https://olera.care/provider/little-havana-assisted-living-facility,1,35,2.86%,16.29
https://olera.care/provider/mississippi-homecare,1,35,2.86%,17.69
https://olera.care/provider/evercare,1,35,2.86%,18.77
https://olera.care/nursing-home/illinois/decatur,1,35,2.86%,22.43
https://olera.care/provider/the-homestead,1,35,2.86%,33.97
https://olera.care/provider/shirley-daley-senior-village,1,35,2.86%,47.57
https://olera.care/provider/st-vrain-manor-christian-housing,1,34,2.94%,5.09
https://olera.care/provider/daffodil-home-care,1,34,2.94%,7.68
https://olera.care/provider/stonecreek-of-edmond,1,34,2.94%,9.29
https://olera.care/provider/nhc-colonial-hill-retirement-center,1,34,2.94%,9.71
https://olera.care/provider/west-side-center-special-needs-long-term-care-facility,1,34,2.94%,23.62
https://olera.care/provider/horizon-home-health,1,34,2.94%,25.97
https://olera.care/home-care/indiana/south-bend,1,34,2.94%,37.56
https://olera.care/waiver-library/texas/texas-respite-care-services,1,34,2.94%,41.68
https://olera.care/provider/wellbeing-assisted-living,1,34,2.94%,46.24
https://olera.care/provider/hillcrest-manor,1,33,3.03%,6.18
https://olera.care/provider/a-senior-connection,1,33,3.03%,6.27
https://olera.care/provider/bell-manor-apartments,1,33,3.03%,8.64
https://olera.care/provider/miracle-home-care,1,33,3.03%,8.94
https://olera.care/provider/ahepa-39-apartments-senior-housing-62-and-older,1,33,3.03%,9.61
https://olera.care/provider/benedictine-marywood,1,33,3.03%,11.09
https://olera.care/home-care/texas/brownsville,1,33,3.03%,12.76
https://olera.care/nursing-home/ohio/youngstown,1,33,3.03%,31.18
https://olera.care/assisted-living/wa/bothell,1,33,3.03%,61.15
https://olera.care/provider/healthy-hands-home-care-agency-llc,1,32,3.12%,4.19
https://olera.care/provider/hamtramck-senior-plaza,1,32,3.12%,6.72
https://olera.care/provider/kearsarge-place,1,32,3.12%,7.06
https://olera.care/provider/shelby-healthcare,1,32,3.12%,7.31
https://olera.care/provider/pleasant-hill-village,1,32,3.12%,8
https://olera.care/provider/aafiya-home-care,1,32,3.12%,8.12
https://olera.care/provider/galt-place-apartments,1,32,3.12%,8.88
https://olera.care/provider/hillview-convalescent-hospital,1,32,3.12%,9.56
https://olera.care/provider/a-plus-home-care-agency-inc,1,32,3.12%,11.31
https://olera.care/provider/hackett-hill-center,1,32,3.12%,11.44
https://olera.care/provider/linden-house-apartments-gary,1,32,3.12%,14.94
https://olera.care/provider/synergy-homecare-tx-conroe,1,32,3.12%,14.94
https://olera.care/provider/sunshine-homecare-of-middletown,1,32,3.12%,15.34
https://olera.care/provider/senior-care-safe-at-home,1,32,3.12%,22.06
https://olera.care/assisted-living/nh,1,32,3.12%,31.41
https://olera.care/provider/acme-healthcare-inc,1,31,3.23%,5
https://olera.care/provider/premier-caregiver-services,1,31,3.23%,6.1
https://olera.care/provider/visiting-angels-ok-edmond,1,31,3.23%,7.45
https://olera.care/provider/love-at-heart-home-care,1,31,3.23%,8.42
https://olera.care/provider/sta-home-health-hospice-ms,1,31,3.23%,8.48
https://olera.care/provider/elite-home-health-care,1,31,3.23%,9.03
https://olera.care/provider/elara-caring-in-mishawaka,1,31,3.23%,9.45
https://olera.care/provider/faith-home-healthcare,1,31,3.23%,10.23
https://olera.care/provider/north-hill-retirement-community,1,31,3.23%,10.45
https://olera.care/provider/braemar-at-wallkill,1,31,3.23%,10.61
https://olera.care/provider/hubbard-manor-east,1,31,3.23%,11.06
https://olera.care/provider/alta-loma-gardens-residential-care-1,1,31,3.23%,29.48
https://olera.care/provider/paradigm-homecare-fort-worth,1,30,3.33%,6.33
https://olera.care/provider/comfort-assisted-living-home,1,30,3.33%,6.4
https://olera.care/provider/warm-hearth-at-home,1,30,3.33%,9.03
https://olera.care/provider/meadowood-estates,1,30,3.33%,9.57
https://olera.care/provider/ohio-first-home-healthcare,1,30,3.33%,11.53
https://olera.care/provider/the-springs-of-pine-bluff-nursing-and-rehabilitation,1,30,3.33%,11.67
https://olera.care/provider/the-cedars-ri,1,30,3.33%,18.97
https://olera.care/provider/safe-haven-personal-care-homes,1,30,3.33%,25.27
https://olera.care/provider/the-orchards-michigan-northwest,1,30,3.33%,31.47
https://olera.care/waiver-library/mississippi/liheap-low-income-home-energy-assistance-program,1,29,3.45%,7
https://olera.care/provider/victory-home-healthcare,1,29,3.45%,7.1
https://olera.care/provider/crescent-manor-apartments,1,29,3.45%,7.34
https://olera.care/provider/carevana-home-health,1,29,3.45%,9.34
https://olera.care/provider/grace-living-center,1,29,3.45%,10.14
https://olera.care/provider/carondelet-village-mn,1,29,3.45%,10.52
https://olera.care/provider/touchmark-on-south-hill-wa,1,29,3.45%,10.72
https://olera.care/provider/granny-nannies-senior-care-saint-lucie,1,29,3.45%,13.45
https://olera.care/provider/angel-house-residential-assist,1,29,3.45%,24.03
https://olera.care/provider/bishop-harrison-apartments,1,28,3.57%,5.93
https://olera.care/provider/los-abuelos,1,28,3.57%,6.61
https://olera.care/provider/luther-crest-pa,1,28,3.57%,7.61
https://olera.care/provider/capitol-retirement-village,1,28,3.57%,7.71
https://olera.care/provider/martell-co-home-care-and-assistance-formerly-ascension-home-care,1,28,3.57%,7.71
https://olera.care/provider/elder-options,1,28,3.57%,8.82
https://olera.care/provider/oasis-residential-care-facility,1,28,3.57%,10.96
https://olera.care/home-care/new-york/rochester,1,28,3.57%,44.96
https://olera.care/provider/cahill-commons,1,27,3.7%,4.59
https://olera.care/provider/global-in-home-care,1,27,3.7%,5.04
https://olera.care/provider/caretenders-mi,1,27,3.7%,6.37
https://olera.care/provider/helping-hands-provider-service,1,27,3.7%,6.85
https://olera.care/provider/ty-s-healthy-healers,1,27,3.7%,7.22
https://olera.care/provider/volante-senior-living-of-of-hamilton,1,27,3.7%,8.37
https://olera.care/provider/angels-senior-care-home,1,27,3.7%,14.89
https://olera.care/provider/la-posada-rcfe,1,27,3.7%,20.7
https://olera.care/provider/corso-atlanta,1,27,3.7%,21.93
https://olera.care/provider/caring-hands-home-services,1,27,3.7%,22.59
https://olera.care/home-care/north-dakota/bismarck,1,27,3.7%,26.48
https://olera.care/provider/sterling-senior-housing,1,27,3.7%,29.78
https://olera.care/nursing-home/montana,1,27,3.7%,32.37
https://olera.care/provider/precious-minds-adult-family-home,1,26,3.85%,4
https://olera.care/provider/diana-s-angels-home-care-inc,1,26,3.85%,5.92
https://olera.care/provider/optimum-plus-home-care,1,26,3.85%,6.12
https://olera.care/provider/limelight-assisted-living-glencoe,1,26,3.85%,7.58
https://olera.care/provider/westbrooks-towers,1,26,3.85%,7.92
https://olera.care/provider/guardian-angels-homecare,1,26,3.85%,8.77
https://olera.care/provider/churchview-farms-senior-living,1,26,3.85%,8.96
https://olera.care/provider/for-papa-s-sake-home-care,1,26,3.85%,8.96
https://olera.care/provider/clark-fork-riverside,1,26,3.85%,10.65
https://olera.care/provider/konnect-kare-home-health-agency,1,26,3.85%,12.42
https://olera.care/provider/wesley-park-senior-apartments,1,26,3.85%,13.15
https://olera.care/provider/unique-care-pa,1,26,3.85%,14.58
https://olera.care/provider/visiting-angels-ia-ames,1,26,3.85%,14.85
https://olera.care/provider/florida-institute-for-longterm-care,1,26,3.85%,19.54
https://olera.care/home-care/california/long-beach,1,26,3.85%,41.04
https://olera.care/waiver-library/virginia/medicaid-for-aged-blind-or-disabled-abd,1,26,3.85%,47.19
https://olera.care/provider/baraka-home-care,1,25,4%,4.6
https://olera.care/provider/rescare-homecare-tx,1,25,4%,7.36
https://olera.care/provider/inglewood-meadows,1,25,4%,7.84
https://olera.care/provider/visiting-angels-fl-ocala,1,25,4%,8.32
https://olera.care/provider/grimble-park-senior-apartments,1,25,4%,8.68
https://olera.care/provider/olive-ridge-senior-living,1,25,4%,8.72
https://olera.care/provider/brightstar-care-il-gurnee,1,25,4%,9.36
https://olera.care/provider/birchwood-villas-apts,1,25,4%,9.68
https://olera.care/provider/newport-senior-village-nsv-management,1,25,4%,12.4
https://olera.care/provider/helping-hands-homehealth-agency,1,25,4%,17.6
https://olera.care/provider/amazing-health-home-care,1,25,4%,18.2
https://olera.care/provider/havenly-care-solutions,1,25,4%,18.24
https://olera.care/provider/ascension-living-providence-village,1,25,4%,19.2
https://olera.care/provider/independent-living-apartments,1,25,4%,26.4
https://olera.care/provider/waynesborough-house,1,25,4%,36.88
https://olera.care/provider/tapestry-senior-living-wickliffe/onboard,1,25,4%,55.72
https://olera.care/provider/seniornest-homecare,1,24,4.17%,4.92
https://olera.care/provider/care-help-homecare,1,24,4.17%,6.54
https://olera.care/provider/right-at-home-ar,1,24,4.17%,8
https://olera.care/provider/claiborne-creek-retirement,1,24,4.17%,8.62
https://olera.care/provider/my-choice-in-home-senior-services,1,24,4.17%,8.71
https://olera.care/provider/joma-home-care-services,1,24,4.17%,10.62
https://olera.care/provider/wooster-community-hospital-home-health-services,1,24,4.17%,15.79
https://olera.care/provider/dependable-home-health-care,1,24,4.17%,17
https://olera.care/provider/carpenter-apartments,1,23,4.35%,7.09
https://olera.care/provider/vickie-s-helping-hands,1,23,4.35%,7.43
https://olera.care/provider/angels-care-home-health-ok-lawton,1,23,4.35%,7.78
https://olera.care/provider/willow-pond-apartments,1,23,4.35%,8.52
https://olera.care/provider/five-star-healthcare,1,23,4.35%,10.52
https://olera.care/provider/carriage-cove-short-stay-rehabilitation,1,23,4.35%,11.13
https://olera.care/provider/country-garden-senior-apartments,1,23,4.35%,11.43
https://olera.care/provider/celtic-angels,1,23,4.35%,12.35
https://olera.care/provider/the-renaissance-retirement-campus,1,23,4.35%,13.17
https://olera.care/provider/pinnacle-springs-retirement-community,1,23,4.35%,21.43
https://olera.care/provider/walker-home-care,1,23,4.35%,23.57
https://olera.care/home-care/california/livermore,1,23,4.35%,24.83
https://olera.care/provider/bell-tower-home-health-care,1,22,4.55%,5.68
https://olera.care/provider/wyngate-at-medford,1,22,4.55%,8.09
https://olera.care/provider/visiting-angels-ar,1,22,4.55%,8.41
https://olera.care/provider/at-home-personal-care-services-nm,1,22,4.55%,8.82
https://olera.care/provider/edgewater-on-third,1,22,4.55%,9.23
https://olera.care/provider/compassus-mi-lansing,1,22,4.55%,10.23
https://olera.care/provider/southside-gardens,1,22,4.55%,12.45
https://olera.care/provider/memorial-manor,1,22,4.55%,15
https://olera.care/home-care/virginia/chesapeake,1,22,4.55%,27.32
https://olera.care/provider/new-living-options,1,21,4.76%,3.19
https://olera.care/provider/sungate-villa-senior-community-2,1,21,4.76%,5.14
https://olera.care/provider/best-gift-home-care-nj,1,21,4.76%,5.81
https://olera.care/provider/tulsa-s-affordable-home-care,1,21,4.76%,6.9
https://olera.care/provider/arbor-rose-afh,1,21,4.76%,7.29
https://olera.care/provider/divinity-home-care,1,21,4.76%,7.38
https://olera.care/provider/assisted-living-easter-cottages,1,21,4.76%,7.57
https://olera.care/provider/sooner-home-health-norman,1,21,4.76%,8
https://olera.care/provider/flagstaff-senior-meadows-apartments,1,21,4.76%,8.86
https://olera.care/provider/parkway-apartments,1,21,4.76%,9.52
https://olera.care/provider/accentcare-personal-care-services-ca-walnut-creek,1,21,4.76%,9.76
https://olera.care/provider/sage-mountain,1,21,4.76%,10.48
https://olera.care/provider/home-instead-ri-warwick,1,21,4.76%,13.67
https://olera.care/provider/south-meadows-residential-care-home,1,21,4.76%,16.86
https://olera.care/provider/another-day-homecare,1,21,4.76%,22.9
https://olera.care/provider/brook-oaks-senior-residences,1,20,5%,4.2
https://olera.care/provider/hilltop-apartments,1,20,5%,6.15
https://olera.care/provider/accent-care-personal-care-services,1,20,5%,7.9
https://olera.care/provider/brightview-paramus,1,20,5%,8.25
https://olera.care/provider/the-lodge-at-eureka,1,20,5%,8.25
https://olera.care/provider/central-home-health-care-an-amedisys-company-ga-tucker,1,20,5%,8.55
https://olera.care/provider/serenity-congregate-care/onboard,1,20,5%,8.75
https://olera.care/provider/arosa-houston,1,20,5%,10.95
https://olera.care/provider/los-banos-senior-center,1,20,5%,11.05
https://olera.care/provider/gerontology-home-companion-ca,1,20,5%,11.75
https://olera.care/waiver-library/south-dakota/low-income-home-energy-assistance-program-liheap,1,20,5%,16.95
https://olera.care/provider/golden-living-community-independence-chateau,1,20,5%,17.1
https://olera.care/home-care/new-york/mamaroneck,1,20,5%,34.85
https://olera.care/home-health-care/arizona/flagstaff,1,20,5%,38.75
https://olera.care/home-health-care/nh,1,20,5%,51.4
https://olera.care/provider/frontier-apartments-affordable-senior-housing-apartments-available-now,1,19,5.26%,6.37
https://olera.care/provider/alomega-home-health-care,1,19,5.26%,6.47
https://olera.care/provider/nellie-s-angels-skylane-rcfe,1,19,5.26%,7.32
https://olera.care/provider/kimochi,1,19,5.26%,8.16
https://olera.care/provider/greenbrier-village,1,19,5.26%,8.68