URL,Last crawled
https://olera.care/provider/world-health-services-bellaire-tx,2026-05-05
https://olera.care/provider/shields-healthcare-services-bellaire-tx,2026-05-05
https://olera.care/provider/kates-place-cuero-tx,2026-05-05
https://olera.care/provider/firstlight-home-care-nd,2026-05-05
https://olera.care/provider/amity-hospice-carrollton-tx,2026-05-05
https://olera.care/provider/ladan-home-care-new-brighton-mn,2026-05-05
https://olera.care/provider/mercedes-adult-day-care-mercedes-tx,2026-05-05
https://olera.care/provider/at-home-healthcare-tn-knoxville,2026-05-05
https://olera.care/provider/compassion-home-healthcare-services,2026-05-05
https://olera.care/provider/villa-del-norte-apartments-fort-bliss-tx,2026-05-05
https://olera.care/provider/american-healthy-homes-east-longmeadow-ma,2026-05-05
https://olera.care/provider/east-fishkill-living-east-fishkill-ny,2026-05-05
https://olera.care/provider/hanameel-at-peace-home-care,2026-05-05
https://olera.care/provider/home-helpers-home-care-of-mckinney,2026-05-05
https://olera.care/provider/home-helpers-home-care-of-ogden-riverton-ut,2026-05-05
https://olera.care/provider/the-cottages-at-quail-creek-amarillo-tx,2026-05-05
https://olera.care/provider/watercrest-retirement-apts-pearland-tx,2026-05-05
https://olera.care/provider/your-medical-home-orange-tx,2026-05-05
https://olera.care/provider/ussery-roan-texas-state-veterans-home-amarillo-tx,2026-05-05
https://olera.care/provider/hudson-house-canyon-amarillo-tx,2026-05-05
https://olera.care/provider/wisteria-place-retire-living-abilene-tx,2026-05-05
https://olera.care/provider/light-heart-memory-care-alecia-home-pasadena-tx,2026-05-05
https://olera.care/provider/avir-at-coronado-abilene-tx,2026-05-05
https://olera.care/provider/saint-giles-living-center-baytown-tx,2026-05-05
https://olera.care/provider/premiere-choice-assisted-living-four-corners-tx,2026-05-05
https://olera.care/provider/park-place-towers-at-park-central-amarillo-tx,2026-05-05
https://olera.care/provider/kirkland-court-health-and-rehabilitation-amarillo-tx,2026-05-05
https://olera.care/provider/villages-at-west-lake-abilene-tx,2026-05-05
https://olera.care/provider/avir-at-abilene-abilene-tx,2026-05-05
https://olera.care/provider/wisteria-place-assisted-living-abilene-tx,2026-05-05
https://olera.care/provider/texas-care-center-baytown-baytown-tx,2026-05-05
https://olera.care/provider/spring-creek-village-four-corners-tx,2026-05-05
https://olera.care/provider/beehive-homes-of-abilene-abilene-tx,2026-05-05
https://olera.care/provider/bio-home-health-services-sugar-land-tx,2026-05-05
https://olera.care/provider/home-instead-home-care-services-of-baytown-baytown-tx,2026-05-05
https://olera.care/provider/bedford-pearland-tx,2026-05-05
https://olera.care/provider/focus-care-rehabilation-and-health-care-center-baytown-tx,2026-05-05
https://olera.care/provider/highland-assisted-living-abilene-tx,2026-05-05
https://olera.care/provider/the-grove-on-forest-lane-forest-hill-tx,2026-05-05
https://olera.care/provider/meridian-senior-tomball-tx,2026-05-05
https://olera.care/independent-living/new-jersey/kearny,2026-05-05
https://olera.care/benefits/illinois/family-caregiver-support-program,2026-05-05
https://olera.care/review/seton-healthcare-family-hornsby-bend-tx,2026-05-05
https://olera.care/provider/jd-the-ot,2026-05-05
https://olera.care/benefits/rhode-island/long-term-services-and-supports-ltss-waiver,2026-05-05
https://olera.care/provider/firstlight-home-care-of-fris-little-elm-tx,2026-05-05
https://olera.care/provider/lifespring-in-home-care-network,2026-05-05
https://olera.care/home-health-care/illinois/mount-prospect,2026-05-05
https://olera.care/provider/the-atrium-and-cottages-at-lutheran-village,2026-05-05
https://olera.care/home-care/texas/killeen,2026-05-05
https://olera.care/provider/south-shore-health-rehabilitation,2026-05-05
https://olera.care/provider/always-best-care-senior-services-home-care-services-in-fort-worth-hurst-tx,2026-05-05
https://olera.care/provider/village-caregiving-wv-charleston/onboard,2026-05-05
https://olera.care/provider/delta-home-care-mi,2026-05-05
https://olera.care/home-health-care/georgia/canton,2026-05-05
https://olera.care/provider/homeplace-of-texas-spring-tx,2026-05-05
https://olera.care/provider/aegis-living-kirkland,2026-05-05
https://olera.care/provider/seniorade-stay-home-stay-safe-sachse-tx,2026-05-05
https://olera.care/provider/kansas-elder-care-ks-lawrence/onboard,2026-05-05
https://olera.care/provider/visiting-angels-senior-home-care-ok-oklahoma-city/onboard,2026-05-05
https://olera.care/provider/4-seasons-home-care-ga-stockbridge/onboard,2026-05-05
https://olera.care/home-health-care/texas/henderson,2026-05-05
https://olera.care/review/the-pavilion-at-sunny-hills,2026-05-05
https://olera.care/nursing-home/texas/burleson,2026-05-05
https://olera.care/provider/crossland-adult-family-home,2026-05-05
https://olera.care/provider/allegiance-personal-assistance-services-fort-bliss-tx,2026-05-05
https://olera.care/provider/northcrest-group-home-victoria-tx,2026-05-05
https://olera.care/review/wellington-place-at-rib-mountain,2026-05-05
https://olera.care/provider/legacy-community-health-missouri-city-missouri-city-tx,2026-05-05
https://olera.care/provider/stonecreek-health-rehabilitation,2026-05-05
https://olera.care/provider/sage-plum-creek-kyle-tx,2026-05-05
https://olera.care/provider/preferred-care-at-home-mo,2026-05-05
https://olera.care/provider/meadowbrook-commons,2026-05-05
https://olera.care/provider/pacana-park-55-apartments-texas-city-tx,2026-05-05
https://olera.care/provider/morada-waxahachie,2026-05-05
https://olera.care/assisted-living/michigan/belleville-north,2026-05-05
https://olera.care/home-care/idaho/rexburg,2026-05-05
https://olera.care/home-care/georgia/evans,2026-05-05
https://olera.care/home-health-care/illinois/melrose-park,2026-05-05
https://olera.care/provider/parsons-house-cypress-tomball-tx,2026-05-05
https://olera.care/benefits/mississippi/liheap-low-income-home-energy-assistance-program,2026-05-05
https://olera.care/provider/loving-care-residential-assisted-living,2026-05-05
https://olera.care/provider/right-at-home-of-greater-fairfield-county,2026-05-05
https://olera.care/benefits/texas/texas-meals-on-wheels,2026-05-05
https://olera.care/provider/second-mile-mission-center-missouri-city-tx,2026-05-05
https://olera.care/provider/revive-home-care-fort-bliss-tx,2026-05-05
https://olera.care/provider/golden-age-home-care-tomball-tx,2026-05-05
https://olera.care/provider/afh-for-seniors,2026-05-05
https://olera.care/provider/henchs-country-livn-homes-ltd-sherman-tx-sherman-tx,2026-05-05
https://olera.care/provider/permiacare-west-odessa-tx,2026-05-05
https://olera.care/provider/addus-homecare-il-kankakee,2026-05-05
https://olera.care/provider/wellington-place-at-rib-mountain,2026-05-05
https://olera.care/provider/at-home-healthcare-sulphur-springs-adult-care-sulphur-springs-tx,2026-05-05
https://olera.care/benefits/colorado/colorado-state-health-insurance-assistance-program-ship,2026-05-05
https://olera.care/review/accentra-home-health-hospice-western,2026-05-05
https://olera.care/benefits/louisiana/national-family-caregiver-support-program,2026-05-05
https://olera.care/benefits/kansas/aged-blind-and-disabled-medicaid,2026-05-05
"https://olera.care/browse?type=home_health_agency&q=Roma, TX",2026-05-05
https://olera.care/review/sunny-view-nursing-home-burrillville-ri,2026-05-05
https://olera.care/benefits/delaware/food-stamp-program-snap,2026-05-05
https://olera.care/review/hickory-park-senior-living,2026-05-05
https://olera.care/provider/traditions-health-home-health-ok-enid,2026-05-05
https://olera.care/provider/happier-at-home-dallas-fort-worth-north-richland-hills-tx,2026-05-05
https://olera.care/benefits/new-hampshire/shine,2026-05-05
https://olera.care/provider/yanis-healthcare-services-missouri-city-tx,2026-05-05
https://olera.care/provider/central-missouri-home-health-missouri-city-tx,2026-05-05
https://olera.care/provider/apex-physical-rehabilitation-wellness-missouri-city-tx-missouri-city-tx,2026-05-05
https://olera.care/provider/alternative-homemaking-with-a-heart-of-sw-florida,2026-05-05
https://olera.care/provider/linden-regency,2026-05-05
https://olera.care/provider/landmark-community-center-missouri-city-tx,2026-05-05
https://olera.care/provider/willow-park-rehabilitation-and-healthcare-center-robinson-tx,2026-05-05
https://olera.care/provider/gulfside-home-health-fl-clearwater,2026-05-05
https://olera.care/provider/home-care-village,2026-05-05
https://olera.care/home-care/florida/st-petersburg,2026-05-05
https://olera.care/provider/acuity-homecare,2026-05-05
https://olera.care/review/spring-hill-rehabilitation-and-nursing-center,2026-05-05
https://olera.care/independent-living/massachusetts/milton,2026-05-05
https://olera.care/benefits/west-virginia/home-delivered-meals,2026-05-05
https://olera.care/independent-living/massachusetts/middleborough,2026-05-05
https://olera.care/provider/mis-mejores-anos-adult-day-rio-grande-city-tx-memory-care,2026-05-05
https://olera.care/review/laurels-of-greentree-ridge,2026-05-05
https://olera.care/benefits/kentucky/aged-blind-and-disabled-abd-medicaid,2026-05-05
https://olera.care/provider/santa-fe-trails-assisted-living-and-memory-care-santa-fe-tx,2026-05-05
https://olera.care/nursing-home/indiana/mishawaka,2026-05-05
https://olera.care/provider/st-josephs-care-center-robinson-tx,2026-05-05
https://olera.care/provider/robert-lee-care-center-robinson-tx,2026-05-05
https://olera.care/provider/angelitos-home-health-del-rio-tx,2026-05-05
https://olera.care/provider/accentra-home-health-hospice-western,2026-05-05
https://olera.care/provider/holy-trinity-nursing-and-rehabilitation-center,2026-05-05
https://olera.care/provider/angel-mio-adult-day-care-palmview-tx-assisted-living,2026-05-05
https://olera.care/provider/home-health-nurse-consultant-richmond-tx,2026-05-05
https://olera.care/provider/elite-providers-home-care-agency-timberwood-park-tx,2026-05-05
https://olera.care/provider/st-catherines-center-robinson-tx,2026-05-05
https://olera.care/provider/ridgecrest-retirement-and-healthcare-robinson-tx,2026-05-05
https://olera.care/provider/reunion-plaza-senior-care-center-robinson-tx,2026-05-05
https://olera.care/provider/the-sherick-independent-senior-living-levelland-tx,2026-05-05
https://olera.care/provider/health-watch-home-health,2026-05-05
https://olera.care/provider/country-home-estates-commerce-tx,2026-05-05
https://olera.care/provider/brightstar-care-ma-norwood,2026-05-05
https://olera.care/provider/villa-brazos-freeport-tx,2026-05-05
https://olera.care/provider/regency-community-services-pinetree-frank-lous-special-home-timberwood-park-tx-home-care-non-medical-,2026-05-05
https://olera.care/provider/cura-living-at-lantana-lantana-tx,2026-05-05
https://olera.care/provider/dmd-home-companion-care-services-navasota-tx,2026-05-05
https://olera.care/provider/river-pointe-of-trinity-healthcare-rehabilitation-robinson-tx,2026-05-05
https://olera.care/provider/the-atrium-of-bellmead-robinson-tx,2026-05-05
https://olera.care/provider/santa-fe-home-care-of-new-mexico-santa-fe-tx,2026-05-05
https://olera.care/provider/agape-home-heath-services,2026-05-05
https://olera.care/provider/home-instead-nc-gastonia,2026-05-05
https://olera.care/provider/the-pointe-at-cedar-park-leander-tx,2026-05-05
https://olera.care/provider/st-anthonys-care-center-robinson-tx,2026-05-05
https://olera.care/provider/simply-the-best-home-therapy-timberwood-park-tx,2026-05-05
https://olera.care/provider/calm-and-collect-residential-assisted-living-pearland-tx,2026-05-05
https://olera.care/provider/your-home-health-care-leander-tx-home-health-care,2026-05-05
https://olera.care/provider/greenview-nursing-and-rehab-robinson-tx,2026-05-05
https://olera.care/provider/santa-fe-home-care-santa-fe-tx,2026-05-05
https://olera.care/provider/excel-home-health-services-santa-fe-tx,2026-05-05
https://olera.care/provider/volante-of-round-rock-round-rock-tx,2026-05-05
https://olera.care/provider/habitat-for-safe-seniors-canyon-lake-tx-assisted-living,2026-05-05
https://olera.care/review/swift-home-care-a-management-company-for-serenity-health-and-wellness,2026-05-05
https://olera.care/provider/bailey-s-glen-an-active-adult-community,2026-05-05
https://olera.care/review/kierland-sanctuary-of-scottsdale,2026-05-05
https://olera.care/assisted-living/texas/olmito,2026-05-05
https://olera.care/provider/heathwood-assisted-living-and-memory-care-ny-buffalo,2026-05-05
https://olera.care/home-health-care/california/santa-clara,2026-05-05
https://olera.care/benefits/kansas/home-delivered-meals,2026-05-05
https://olera.care/benefits/new-jersey/new-jersey-senior-legal-services,2026-05-05
https://olera.care/_next/static/chunks/4c4a55aeda68c7f8.js?dpl=dpl_Fk4vZUyPJGvUpTVMYu9znWqXLCr4,2026-05-05
https://olera.care/provider/nursing-homes-in-del-rio-texas-san-juan-tx-assisted-living,2026-05-05
https://olera.care/_next/static/chunks/1ee457ff25ffefb8.css?dpl=dpl_Fk4vZUyPJGvUpTVMYu9znWqXLCr4,2026-05-05
https://olera.care/provider/careco-the-caregiving-company-senior-home-care-tomball-tomball-tx,2026-05-05
https://olera.care/provider/evehomehealthcare-upper-arlington-oh,2026-05-05
https://olera.care/provider/golden-palms-texas-room-harlingen-tx,2026-05-05
https://olera.care/provider/firstlight-home-care-of-the-woodlands-the-woodlands-tx,2026-05-05
https://olera.care/review/black-pearl-home-care-hendersonville,2026-05-05
https://olera.care/review/southeast-texas-home-care-spec-port-neches-tx,2026-05-05
https://olera.care/review/gift-of-hands-home-healthcare-services,2026-05-05
https://olera.care/review/robertas-health-care-services-republic-mo,2026-05-05
https://olera.care/review/r-a-s-health-care,2026-05-05
https://olera.care/nursing-home/alabama/fairhope,2026-05-05
https://olera.care/review/comfort-keepers-home-care-ak,2026-05-05
https://olera.care/review/everywhere-is-home-katy,2026-05-05
https://olera.care/review/magnificent-care-home-little-elm-tx,2026-05-05
https://olera.care/home-care/california/placentia,2026-05-05
https://olera.care/review/bright-space-assisted-living,2026-05-05
https://olera.care/review/homeaides,2026-05-05
https://olera.care/review/pioneer-place-senior-housing,2026-05-05
https://olera.care/review/bellemeade-manor,2026-05-05
https://olera.care/review/heartis-suwanee,2026-05-05
https://olera.care/review/chenal-village,2026-05-05
https://olera.care/waiver-library/massachusetts/frail-elder-waiver-few/forms,2026-05-05
https://olera.care/review/bee-first-primary-home-care,2026-05-05
https://olera.care/_next/static/chunks/94aea728069e359d.js?dpl=dpl_BEaBjjiJGcAfTKwrtkRxh8AQtXJA,2026-05-05
https://olera.care/review/the-medical-resort-at-sugar-land-now-ignite-medical-resort-sugar-land-richmond-tx,2026-05-05
https://olera.care/review/downer-place-i-of-lssi,2026-05-05
https://olera.care/review/valley-regional-home-health-fresno-tx-home-health-care,2026-05-05
https://olera.care/_next/static/chunks/37e0e479478076dc.js?dpl=dpl_Fk4vZUyPJGvUpTVMYu9znWqXLCr4,2026-05-05
https://olera.care/review/palm-breeze-assisted-living,2026-05-05
https://olera.care/review/the-arbor-at-delray,2026-05-05
https://olera.care/waiver-library/new-mexico/snap-supplemental-nutrition-assistance-program/checklist,2026-05-05
https://olera.care/review/always-willing-american-homecare-forney-tx,2026-05-04
https://olera.care/review/a-village-home-care,2026-05-04
https://olera.care/review/st-jude-s-nursing-facility,2026-05-04
https://olera.care/review/magnolia-wood,2026-05-04
https://olera.care/review/urra-home-health-sweetwater-fl,2026-05-04
https://olera.care/review/northstar-of-owatonna,2026-05-04
https://olera.care/review/caresify-home-care-pa-reading,2026-05-04
https://olera.care/review/southminster,2026-05-04
https://olera.care/review/benedictine-marywood,2026-05-04
https://olera.care/review/avalon-angels-agency-hacienda-heights-ca,2026-05-04
https://olera.care/review/gracious-hearts-home-care-manvel-tx,2026-05-04
https://olera.care/review/home-base-senior-services-mesquite-tx,2026-05-04
https://olera.care/provider/florence-nursing-and-rehab-center,2026-05-04
https://olera.care/review/centric-home-health-and-hospice-little-elm-texas-little-elm-tx,2026-05-04
https://olera.care/review/allora-new-forest-channelview-tx,2026-05-04
https://olera.care/review/newsome-home-health-care,2026-05-04
https://olera.care/review/parkwood-retirement-community-arlington-tx,2026-05-04
https://olera.care/review/honeyhill-homecare,2026-05-04
https://olera.care/review/broadway-manor-care-center,2026-05-04
https://olera.care/review/greenbrier-senior-living,2026-05-04
https://olera.care/review/mustang-creek-estates-of-keller-saginaw-tx,2026-05-04
https://olera.care/review/a-new-hope-home-health-care,2026-05-04
https://olera.care/review/leone-home-healthcare-agency-rowlett-tx,2026-05-04
https://olera.care/review/avir-at-veterans-memorial-houston-tx,2026-05-04
https://olera.care/review/pacific-pines-senior-living-apartments,2026-05-04
https://olera.care/review/silver-birch-at-cook-road,2026-05-04
https://olera.care/review/good-samaritan-society-manzano-del-sol-village,2026-05-04
https://olera.care/review/the-watermark-at-morrison-ranch,2026-05-04
https://olera.care/review/ridgecrest-healthcare-rehabilitation-center-kaufman-tx,2026-05-04
https://olera.care/review/caruth-haven-court-dallas-tx,2026-05-04
"https://olera.care/browse?type=memory-care&q=Brownsville, TX",2026-05-04
https://olera.care/review/the-springs-healthcare-rehabilitation-austin-tx,2026-05-04
https://olera.care/review/villas-of-chenal,2026-05-04
https://olera.care/review/pasadena-nursing-center-assisted-living-post-acute-facility-pasadena-tx,2026-05-04
https://olera.care/review/health-at-home-services-kaufman-tx,2026-05-04
https://olera.care/review/the-ivy-of-mckinney-anna-tx,2026-05-04
https://olera.care/review/senior-horizons-at-clifton,2026-05-04
https://olera.care/review/hands-of-love-home-health-keller-tx,2026-05-04
https://olera.care/review/apc-home-health-services,2026-05-04
https://olera.care/provider/attentive-home-care-pa,2026-05-04
https://olera.care/review/chambers-hospice-texarkana-tx,2026-05-04
https://olera.care/review/chilex-home-care-services-rockwall-tx,2026-05-04
https://olera.care/review/high-plains-health-providers-wichita-falls-tx,2026-05-04
https://olera.care/review/assisting-hands-greater-ellis-county-fort-bliss-tx,2026-05-04
https://olera.care/review/lakeshore-village-nursing-and-rehab-robinson-tx,2026-05-04
https://olera.care/review/hollymead-trophy-club-tx,2026-05-04
https://olera.care/review/la-esperanza-home-health-laredo-tx,2026-05-04
https://olera.care/review/intrepid-home-health-wichita-falls-tx,2026-05-04
https://olera.care/review/senior-residences-stillwater,2026-05-04
https://olera.care/review/gardens-of-weatherford-apt-office-weatherford-tx,2026-05-04
https://olera.care/review/premier-homecare-angels,2026-05-04
https://olera.care/review/focused-care-at-webster-seabrook-tx,2026-05-04
https://olera.care/review/new-horizon-home-health-leon-valley-tx,2026-05-04
https://olera.care/review/mclean-care-center-rendon-tx,2026-05-04
https://olera.care/review/unity-homecare-pasadena-tx,2026-05-04
https://olera.care/review/senior-meridian-assisted-living-facilities-retirement-communities-gilbert-az,2026-05-04
https://olera.care/review/m-j-home-health-agency-balch-springs-tx,2026-05-04
https://olera.care/review/martine-center-for-rehabilitation-and-nursing-scarsdale-ny,2026-05-04
https://olera.care/review/arborview-circle-c-ranch-austin-tx,2026-05-04
https://olera.care/review/longview-hill-nursing-center-and-rehabilitation-plainview-tx,2026-05-04
https://olera.care/review/altus-home-care-sugar-land-tx,2026-05-04
https://olera.care/review/viva-senior-living-at-stafford-stafford-tx,2026-05-04
https://olera.care/review/hillside-rehab-and-healthcare-center,2026-05-04
https://olera.care/review/trilogy-home-healthcare-clearwater-office,2026-05-04
https://olera.care/review/integracare-home-health-of-west-texas-midland-tx,2026-05-04
https://olera.care/review/san-angelo-nursing-and-rehab-san-angelo-tx,2026-05-04
https://olera.care/review/serenity-home-agency-pearland-tx,2026-05-04
https://olera.care/review/grand-texan,2026-05-04
https://olera.care/review/optimum-health-chubbuck-id,2026-05-04
https://olera.care/review/amada-senior-care-ma-chelmsford,2026-05-04
"https://olera.care/browse?type=home_care_agency&q=Montgomery, TX",2026-05-04
https://olera.care/review/vista-at-southwinds-baytown-tx,2026-05-04
https://olera.care/review/balli-home-health-weslaco-tx,2026-05-04
https://olera.care/review/embrace-hospice-belton-tx,2026-05-04
https://olera.care/home-health-care/new-york/kiryas-joel,2026-05-04
https://olera.care/review/pleasant-villa-apartments-quantum-investment-group,2026-05-04
https://olera.care/review/samaritan-keep-home,2026-05-04
https://olera.care/review/east-fair-terrace-senior-apartments,2026-05-04
https://olera.care/review/american-medical-home-health-corpus-christi-corpus-christi-tx,2026-05-04
https://olera.care/review/special-texas-homes-baytown-tx,2026-05-04
https://olera.care/provider/willow-springs-rehabilitation-healthcare-center,2026-05-04
https://olera.care/review/loving-care-home-health-leon-valley-tx,2026-05-04
https://olera.care/review/sunnyside-village,2026-05-04
https://olera.care/review/aveanna-home-health-of-northeast-alabama-gadsden,2026-05-04
https://olera.care/review/trinity-health-mary-s-meadow-at-providence,2026-05-04
https://olera.care/review/devon-woods-lp,2026-05-04
https://olera.care/review/the-forum-at-the-woodlands-tomball-tx,2026-05-04
https://olera.care/review/addus-homecare-mt-missoula,2026-05-04
https://olera.care/review/family-of-abundant-grace-residential-assisted-living,2026-05-04
https://olera.care/review/clearwater-highland-park-dallas-tx,2026-05-04
https://olera.care/review/winners-community-health-services-forney-tx,2026-05-04
https://olera.care/review/one-willow-manor,2026-05-04
https://olera.care/review/ssa-home-healthcare-bellaire-tx,2026-05-04
https://olera.care/review/creative-home-care-solutions-inc,2026-05-04
https://olera.care/review/homewatch-caregivers-of-north-dallas-dallas-tx,2026-05-04
https://olera.care/review/whisperwood-nursing-rehabilitation-center-levelland-tx,2026-05-04
https://olera.care/_next/static/chunks/dd86d684e917e2f4.js?dpl=dpl_4REuhHqZ8jQNx33K2Hp3HLPmPgZN,2026-05-04
https://olera.care/_next/static/chunks/f25a9209573e8626.css?dpl=dpl_4REuhHqZ8jQNx33K2Hp3HLPmPgZN,2026-05-04
https://olera.care/review/madonna-healthcare-services-richmond-tx,2026-05-04
https://olera.care/review/park-square-manor,2026-05-04
https://olera.care/review/pinnacle-in-home-care,2026-05-04
https://olera.care/provider/la-luz-primary-home-care,2026-05-04
https://olera.care/provider/lifetouch-healthcare-providers,2026-05-04
https://olera.care/review/ebenezer-senior-living,2026-05-04
https://olera.care/review/terrys-angel-home-health-care-balch-springs-tx,2026-05-04
https://olera.care/review/rio-concho-terrace-san-angelo-tx,2026-05-04
https://olera.care/review/town-east-rehabilitation-and-healthcare-dallas-tx,2026-05-04
https://olera.care/review/hickory-ridge-nursing-rehab-center,2026-05-04
https://olera.care/review/interim-home-healthcare-mckinney-tx,2026-05-04
https://olera.care/review/kevins-senior-living-conroe-tx,2026-05-04
https://olera.care/review/lilydale-senior-living,2026-05-04
https://olera.care/review/netty-s-homecare,2026-05-04
https://olera.care/review/la-grange-georgia-nursing-home-dickinson-tx-nursing-home,2026-05-04
https://olera.care/review/elite-home-health-care-ny-buffalo,2026-05-04
https://olera.care/review/divine-home-care-services-hillsboro-waco-tx,2026-05-04
https://olera.care/review/a-d-homecare,2026-05-04
https://olera.care/review/guthrie-home-care-vestal,2026-05-04
https://olera.care/review/silver-pine-assisted-living,2026-05-04
https://olera.care/review/brookdale-lafayette,2026-05-04
https://olera.care/review/texmed-home-health-lumberton-tx,2026-05-04
https://olera.care/review/the-bristal-assisted-living-at-west-babylon-massapequa-ny,2026-05-04
https://olera.care/review/the-current-south-shore,2026-05-04
https://olera.care/review/whispering-pines-personal-care-home,2026-05-04
https://olera.care/review/liana-of-venice-dementia-care-in-venice,2026-05-04
https://olera.care/review/parkview-memory-care-at-paradise-village,2026-05-04
https://olera.care/review/pegasus-landing-of-round-rock-hornsby-bend-tx,2026-05-04
https://olera.care/review/trustwell-living-at-wildflower-place-belton-tx,2026-05-04
https://olera.care/review/elan-westpointe-schertz-tx,2026-05-04
https://olera.care/review/visiting-angels-ca-upland,2026-05-04
https://olera.care/review/the-pinnacle-at-plymouth-meeting-ardmore-pa,2026-05-04
https://olera.care/_next/static/chunks/a30cf0c08821516b.js?dpl=dpl_5ZVZcJXVqLF8qqgcSL22ZDQykd4W,2026-05-04
https://olera.care/review/careworks-houston-four-corners-tx,2026-05-04
https://olera.care/home-care/california/norco,2026-05-04
https://olera.care/review/patty-hanks-shelton-school-of-nursing-abilene-tx,2026-05-04
https://olera.care/review/cordium-home-health-forney-tx,2026-05-04
https://olera.care/review/valleymed-home-health-care,2026-05-04
https://olera.care/review/lewisville-womens-care-lewisville-tx,2026-05-04
https://olera.care/review/advocates-house-port-arthur-tx,2026-05-04
https://olera.care/review/alternative-nursing-services,2026-05-04
https://olera.care/review/legacy-assisted-living-ca,2026-05-04
https://olera.care/review/evergreen-senior-living-decatur,2026-05-04
https://olera.care/review/comfort-home-health-care-rowlett-tx,2026-05-04
https://olera.care/review/swan-manor-assisted-living-baytown-tx,2026-05-04
https://olera.care/provider/trustwell-living-at-wildflower-place-belton-tx,2026-05-04
https://olera.care/review/desert-gardens-nursing-and-rehabilitation-center-odessa-tx,2026-05-04
https://olera.care/review/mission-home-health-leon-valley-tx,2026-05-04
https://olera.care/review/aseracare-hospice-bastrop-tx,2026-05-04
https://olera.care/assisted-living/pennsylvania/york,2026-05-04
https://olera.care/review/pure-heals-adult-medical-complex-amarillo-tx,2026-05-04
https://olera.care/review/churchill-residential-irving-tx,2026-05-04
https://olera.care/review/carefirst-home-solutions,2026-05-04
https://olera.care/review/lenity-solutions-in-home-companion-care,2026-05-04
https://olera.care/review/rock-house-lubbock-tx,2026-05-04
https://olera.care/review/assisting-hands-keller-home-care-serving-keller-southlake-grapevine-surrounding-areas-in-denton-and-tarrant-counties,2026-05-04
https://olera.care/review/legacy-place-cottages,2026-05-04
https://olera.care/review/vie-village,2026-05-04
https://olera.care/review/grant-serenity-homes-of-pasadena,2026-05-04
https://olera.care/review/zenaiah-home-healthcare,2026-05-04
https://olera.care/review/prescribed-home-health-port-arthur-tx,2026-05-04
https://olera.care/review/lucky-medical-home-care,2026-05-04
https://olera.care/review/jan-werner-adult-day-care-center-amarillo-tx,2026-05-04
https://olera.care/review/agape-care-houston-tx,2026-05-04
https://olera.care/review/woodlands-of-findlay-assisted-living,2026-05-04
https://olera.care/review/willhaus-senior-living-georgetown-tx,2026-05-04
https://olera.care/provider/happy-family-primary-home-care-brownsville-tx,2026-05-04
https://olera.care/review/friends-for-life-homecare-medicaid-consultants-massapequa-ny-home-care-non-medical--2,2026-05-04
https://olera.care/review/alpine-nursing-home,2026-05-04
https://olera.care/review/first-smile-home-health-care,2026-05-04
https://olera.care/review/huntington-at-sienna-sugar-land-tx,2026-05-04
https://olera.care/review/avatar-home-health-care-agency-princeton-tx,2026-05-04
https://olera.care/review/care-in-homes-austin-hornsby-bend-tx,2026-05-04
https://olera.care/review/the-blake-at-college-station-college-station-tx,2026-05-04
https://olera.care/review/loretto-at-creekside-live-oak-tx,2026-05-04
https://olera.care/review/compassionate-care-homes-llc,2026-05-04
https://olera.care/review/armonia-home-health-care-hospice-agency-san-elizario-tx,2026-05-04
https://olera.care/review/the-pinnacle-at-edenhill-new-braunfels-tx,2026-05-04
https://olera.care/review/lighthouse-adult-care-home,2026-05-04
https://olera.care/review/southern-knights-senior-living-community-tomball-tx,2026-05-04
https://olera.care/_next/static/chunks/187d81b618a4e1ad.js?dpl=dpl_5ZVZcJXVqLF8qqgcSL22ZDQykd4W,2026-05-04
https://olera.care/review/starr-home-health-agency-mission-tx,2026-05-04
https://olera.care/review/new-horizon-living-facilities,2026-05-04
https://olera.care/review/watercrest-retirement-apts-manvel-tx,2026-05-04
https://olera.care/review/compassus-kyle-tx,2026-05-04
https://olera.care/review/adorn-health-care-crockett-tx,2026-05-04
https://olera.care/review/silverpoint-senior-living-corporate-office-new-braunfels-tx,2026-05-04
https://olera.care/review/focused-care-at-midland-big-spring-tx,2026-05-04
https://olera.care/review/seniors-helping-seniors-east-wilco-texas-round-rock-tx,2026-05-04
https://olera.care/review/reserve-at-pinewood-port-arthur-tx,2026-05-04
https://olera.care/review/canyon-home-care-hospice-ut-springville,2026-05-04
https://olera.care/waiver-library/nevada/family-caregiver-support-program,2026-05-04
https://olera.care/review/ibsa-home-care,2026-05-04
https://olera.care/review/brookdale-waxahachie-lancaster-tx,2026-05-04
https://olera.care/provider/the-lodge-at-bear-creek,2026-05-04
https://olera.care/provider/optimal-home-care,2026-05-04
https://olera.care/review/dedicated-home-care-ma,2026-05-04
https://olera.care/review/tacoma-nursing-rehabilitation-center,2026-05-04
https://olera.care/review/avanti-legacy-bayside-corpus-christi-tx,2026-05-04
https://olera.care/review/north-lake-retirement-home,2026-05-04
https://olera.care/review/senior-care-health-rehabilitation-of-wichita-falls-tx-wichita-falls-tx,2026-05-04
https://olera.care/review/cleburne-rehabilitation-health-cleburne-tx,2026-05-04
https://olera.care/review/park-manor-dha-residential-communities-university-park-tx-assisted-living,2026-05-04
https://olera.care/review/griswold-home-care-for-west-houston-houston-tx,2026-05-04
https://olera.care/review/kaydolly-homecare-services,2026-05-04
https://olera.care/provider/liana-of-venice-dementia-care-in-venice,2026-05-04
https://olera.care/review/windsor-nursing-and-rehabilitation-center-of-duval-hornsby-bend-tx,2026-05-04
https://olera.care/review/alliance-northwest-healthcare,2026-05-04
https://olera.care/review/kirkwood-house,2026-05-04
https://olera.care/review/mirandela-senior-apartments,2026-05-04
https://olera.care/review/esteem-home-health-care-san-antonio-tx,2026-05-04
https://olera.care/review/agape-home-health-care-steiner-ranch-tx,2026-05-04
https://olera.care/review/quarter-housing-lockhart-tx-assisted-living,2026-05-04
https://olera.care/review/g-m-healthcare-services,2026-05-04
https://olera.care/review/brazos-towers-at-bayou-manor-mission-bend-tx,2026-05-04
https://olera.care/review/willow-ridge-wellness-rehabilitation-weatherford-tx,2026-05-04
https://olera.care/review/palm-view-retreat,2026-05-04
https://olera.care/review/decena-home-care,2026-05-04
https://olera.care/review/little-sisters-of-the-poor-pa-pittsburgh,2026-05-04
https://olera.care/review/asher-point-independent-living-of-round-rock-hutto-tx,2026-05-04
https://olera.care/review/wirick,2026-05-04
https://olera.care/review/no-place-like-home-senior-care-services,2026-05-04
https://olera.care/review/vista-at-thousand-oaks-san-antonio-tx,2026-05-04
https://olera.care/review/the-peak-center,2026-05-04
https://olera.care/review/avir-at-rose-trail-kilgore-tx,2026-05-04
https://olera.care/review/daytona-beach-health-care,2026-05-04
https://olera.care/review/holiday-warburton-place,2026-05-04
https://olera.care/review/the-residence-covenant-care-memory-care-community,2026-05-04
https://olera.care/provider/holiday-warburton-place,2026-05-04
https://olera.care/provider/ventura-villa-assisted-living,2026-05-04
https://olera.care/review/concordia-village-lutheran-senior-services,2026-05-04
https://olera.care/review/jessica-estates,2026-05-04
https://olera.care/review/napa-creek-manor,2026-05-04
https://olera.care/provider/tulare-silvercrest,2026-05-04
https://olera.care/review/the-oasis-at-coral-reef,2026-05-04
https://olera.care/review/angel-hands-home-health-agency,2026-05-04
https://olera.care/review/village-at-collinwood-hornsby-bend-tx,2026-05-04
https://olera.care/review/sahara-home-care-crystal-lake,2026-05-04
https://olera.care/review/buckingham-pavilion-nursing-and-rehabilitation,2026-05-04
https://olera.care/review/veteran-home-care-lubbock-tx,2026-05-04
https://olera.care/review/avir-at-jefferson-groves-tx,2026-05-04
https://olera.care/review/first-choice-comm-homecare-wichita-falls-tx,2026-05-04
https://olera.care/review/brakebill-nursing-home,2026-05-03
https://olera.care/review/cnc-home-care-university-park-tx,2026-05-03
https://olera.care/provider/evergreen-place-assisted-living-champaign,2026-05-03
https://olera.care/review/firstlight-home-care-of-mchenry-county-surrounding-area-antioch-il,2026-05-03
https://olera.care/provider/gsa-home-care,2026-05-03
https://olera.care/review/victoria-gardens-of-fris-fairview-tx,2026-05-03
https://olera.care/review/las-cruces-post-acute-care-rehabilitation-of-cascadia,2026-05-03
https://olera.care/review/bellestar-home-health-care-bell-ca,2026-05-03
https://olera.care/review/afh-senior-care-coral-springs,2026-05-03
"https://olera.care/browse?type=home-care&q=Newington, CT",2026-05-03
https://olera.care/review/texan-nursing-rehab-plnvw-plainview-tx-memory-care,2026-05-03
https://olera.care/review/the-providence-lubbock-tx,2026-05-03
https://olera.care/review/linden-oaks-an-evergreen-community,2026-05-03
https://olera.care/review/legend-oaks-healthcare-and-rehabilitation-north-austin-hornsby-bend-tx,2026-05-03
https://olera.care/review/willow-springs-healthcare-center-formerly-promedica-manorcare-palm-desert,2026-05-03
https://olera.care/review/home-care-coverage-team-p-rowlett-tx,2026-05-03
https://olera.care/review/hospice-austin-hornsby-bend-tx,2026-05-03
https://olera.care/review/runningwater-draw-care-center-plainview-tx,2026-05-03
https://olera.care/review/beehive-homes-of-andrews-andrews-tx,2026-05-03
https://olera.care/review/amani-best-home-care-assisted-living,2026-05-03
https://olera.care/review/jol-healthcare-troup-tx,2026-05-03
https://olera.care/review/the-bradford-55-active-adult-community,2026-05-03
https://olera.care/review/help-at-home-sc,2026-05-03
https://olera.care/review/commons-at-agora-corinth-tx,2026-05-03
https://olera.care/review/lancaster-nursing-and-rehabilitation-center-lancaster-tx,2026-05-03
https://olera.care/review/avelyn-san-marcos-san-marcos-tx,2026-05-03
https://olera.care/review/dependable-health-care-services,2026-05-03
https://olera.care/review/classic-rehab-bedford-bedford-tx-nursing-home,2026-05-03
https://olera.care/review/home-health-care-westchester-scarsdale-ny,2026-05-03
https://olera.care/review/closed-spring-tx,2026-05-03
https://olera.care/review/colonial-lindale-nursing-rehabilitation-lancaster-tx,2026-05-03
https://olera.care/review/sage-meadows-homes-keller-tx,2026-05-03
https://olera.care/review/bridgeway-home-health-denton-tx,2026-05-03
https://olera.care/review/compassion-at-home-healthcare-hurst-tx,2026-05-03
https://olera.care/provider/first-smile-home-health-care,2026-05-03
https://olera.care/review/cornerstone-home-health-la-porte-tx,2026-05-03
https://olera.care/review/villas-of-seagoville-seagoville-tx,2026-05-03
https://olera.care/review/liberty-healthcare-grapevine-tx,2026-05-03
https://olera.care/review/castle-hills-rehabilitation-and-care-center-san-antonio-tx,2026-05-03
https://olera.care/review/a-plus-nursing,2026-05-03
https://olera.care/review/the-residence-at-legacy-park-senior-living-granbury-tx,2026-05-03
https://olera.care/review/brookdale-central-whittier-hacienda-heights-ca,2026-05-03
https://olera.care/review/living-tree-of-life-home-health-san-antonio-tx,2026-05-03
https://olera.care/review/all-star-home-health-hurst-tx,2026-05-03
https://olera.care/review/the-auberge-at-onion-creek-hornsby-bend-tx,2026-05-03
https://olera.care/review/americare-specialty-keller-tx,2026-05-03
https://olera.care/review/avista-senior-living-north-mountain,2026-05-03
https://olera.care/review/visiting-home-care,2026-05-03
https://olera.care/review/beacon-home-care-beacon-ny,2026-05-03
https://olera.care/provider/green-oaks-of-valparaiso,2026-05-03
https://olera.care/review/redbud-place-princeton-tx,2026-05-03
https://olera.care/review/oceanside-silvercrest-residence-vista-ca,2026-05-03
https://olera.care/review/orange-apartments-orange-tx-independent-living,2026-05-03
https://olera.care/review/three-star-home-health-agency-duncanville-tx,2026-05-03
https://olera.care/review/family-resource-home-care-or-corvallis,2026-05-03
https://olera.care/review/circle-of-friends-iv-san-benito-tx,2026-05-03
https://olera.care/review/brookdale-assisted-living-rowlett-tx,2026-05-03
https://olera.care/review/fountain-hill-assisted-living,2026-05-03
https://olera.care/review/angels-care-home-health-royse-city-rockwall-tx,2026-05-03
https://olera.care/review/national-nursing-rehab-harlingen-hidalgo-tx,2026-05-03
https://olera.care/review/the-grand-at-manor-manor-tx,2026-05-03
https://olera.care/review/radcliffe-nursing-service,2026-05-03
https://olera.care/review/st-giles-living-center-beaumont-tx-assisted-living,2026-05-03
https://olera.care/review/saint-simeon-s-senior-community,2026-05-03
https://olera.care/review/overture-sugar-land-sugar-land-tx,2026-05-03
https://olera.care/review/senior-helpers-of-westchester-county-scarsdale-ny,2026-05-03
https://olera.care/review/villas-of-greenville-greenville-tx,2026-05-03
https://olera.care/review/national-nursing-rehab-temple-temple-tx,2026-05-03
https://olera.care/_next/static/chunks/381069825c4af56e.js?dpl=dpl_77hyt93VWuSxFzSC7dsA1Np7PUga,2026-05-03
https://olera.care/review/the-forum-at-the-crossing,2026-05-03
https://olera.care/review/mitchell-county-nursing-rehabilitation-center-amarillo-tx,2026-05-03
https://olera.care/review/firstlight-home-care-az,2026-05-03
https://olera.care/review/accredited-home-health-care-of-america-cloverleaf-tx,2026-05-03
https://olera.care/review/one-you-love-homecare-rockwall-heath-rowlett-tx,2026-05-03
https://olera.care/review/evergreen-cottages-memory-care-and-assisted-living-bridgewater-cottage-gladewater-tx,2026-05-03
https://olera.care/review/hardeman-home-heatlth-care-texas-city-tx,2026-05-03
https://olera.care/review/seniorminded-home-care-hornsby-bend-tx,2026-05-03
https://olera.care/provider/cascades-verdae,2026-05-03
https://olera.care/review/right-at-home-tx-longview,2026-05-03
https://olera.care/review/park-central-at-flower-mound-flower-mound-tx,2026-05-03
https://olera.care/review/fairmont-grand-senior-living,2026-05-03
https://olera.care/review/signe-burckhardt-manor,2026-05-03
https://olera.care/provider/avista-senior-living-north-mountain,2026-05-03
https://olera.care/review/heritage-estates-houston-tx,2026-05-03
"https://olera.care/browse?type=home-care&q=Waxahachie, TX",2026-05-03
https://olera.care/review/ariame-medical-services-richmond-tx,2026-05-03
https://olera.care/review/the-goldton-at-jones-farm-huntsville-tx,2026-05-03
https://olera.care/review/retreat-at-krum-denton-tx,2026-05-03
https://olera.care/review/gifted-hearts-hospice-palliative-care-seguin-tx,2026-05-03
https://olera.care/review/all-ways-caring-homecare-anderson-south-carolina,2026-05-03
https://olera.care/review/village-on-the-park-denton-flower-mound-tx,2026-05-03
https://olera.care/review/maybrook-hills-rehabilitation-and-healthcare-center,2026-05-03
https://olera.care/review/our-angel-home-health-care-el-paso-tx,2026-05-03
https://olera.care/review/brookdale-lewisville-flower-mound-tx,2026-05-03
https://olera.care/review/home-sweet-homehealth-weatherford-tx,2026-05-03
https://olera.care/review/crestview-retirement-community,2026-05-03
https://olera.care/review/stat-home-health-care-conroe-tx,2026-05-03
https://olera.care/review/lampasas-assisted-living-copperas-cove-tx,2026-05-03
https://olera.care/review/hidden-village-cleburne-tx,2026-05-03
https://olera.care/review/primary-home-care-edinburg-tx,2026-05-03
https://olera.care/review/medilodge-of-southfield,2026-05-03
https://olera.care/review/centric-home-health-and-hospice-greenville-texas-greenville-tx,2026-05-03
https://olera.care/review/lopez-homes-mcg-leon-valley-tx,2026-05-03
https://olera.care/review/miracle-home-care-agency-plano-tx,2026-05-03
https://olera.care/review/accentcare-home-health-tx-temple,2026-05-03
https://olera.care/provider/river-oaks-homecare,2026-05-03
https://olera.care/review/paulino-home-healthcare,2026-05-03
https://olera.care/review/palm-terrace,2026-05-03
https://olera.care/review/westwood-health-and-rehab,2026-05-03
https://olera.care/review/bamboo-villas-alf,2026-05-03
https://olera.care/review/cottage-village-senior-apartments,2026-05-03
https://olera.care/review/prestige-health-services-fairview-tx,2026-05-03
https://olera.care/review/haven-is-your-home-care-okemos-mi,2026-05-03
https://olera.care/review/nursecore-amarillo-amarillo-tx,2026-05-03
https://olera.care/review/avir-at-paris-paris-tx,2026-05-03
https://olera.care/review/brook-ridge-retirement-community-mercedes-tx,2026-05-03
https://olera.care/review/park-place-of-harper-woods-grosse-pointe-woods-mi,2026-05-03
https://olera.care/review/ayuda-home-health-weslaco-tx,2026-05-03
https://olera.care/review/truemed-homecare-la-homa-tx,2026-05-03
https://olera.care/review/cardinal-home-care,2026-05-03
https://olera.care/review/green-gate-grove-palmview-tx-assisted-living,2026-05-03
https://olera.care/review/casa-rio-healthcare-rehabilitation-leon-valley-tx,2026-05-03
https://olera.care/review/always-best-care-senior-services-home-care-services-in-houston-metro-bellaire-tx,2026-05-03
https://olera.care/review/serenity-pointe-assisted-living-manvel-tx,2026-05-03
https://olera.care/review/adobe-creek-village-borger-tx,2026-05-03
https://olera.care/review/confluence-home-health-balch-springs-tx,2026-05-03
https://olera.care/review/essential-hands-home-care-provider-service-manvel-tx,2026-05-03
https://olera.care/review/in-focus-care,2026-05-03
https://olera.care/review/willow-creek-memory-care-elko-nv,2026-05-03
https://olera.care/review/fall-brook-nursing-rehabilitation-seabrook-tx,2026-05-03
https://olera.care/review/brookdale-creekside-iowa-colony-tx,2026-05-03
https://olera.care/review/care-of-excellence-home-health-venus-tx,2026-05-03
https://olera.care/review/glovis-home-health-services-university-park-tx,2026-05-03
https://olera.care/review/the-reserves-at-saddlebrook-burkburnett-tx,2026-05-03
https://olera.care/review/first-texas-home-health-fulshear-tx,2026-05-03
https://olera.care/review/arbor-lake-nursing-and-rehabilitation-forest-hill-tx,2026-05-03
https://olera.care/review/renaissance-park-multi-care-center-burleson-tx,2026-05-03
https://olera.care/review/the-waterford-at-thousand-oaks-schertz-tx,2026-05-03
https://olera.care/review/atria-westchase-houston-tx,2026-05-03
https://olera.care/review/good-shepherd-mission-huntsville-tx,2026-05-03
https://olera.care/review/extended-family,2026-05-03
https://olera.care/review/senior-living-properties-forest-hill-tx,2026-05-03
https://olera.care/waiver-library/missouri/mo-healthnet-for-the-aged-blind-and-disabled-abd/forms,2026-05-03
https://olera.care/review/the-retreat-at-central-texas-marketplace-waco-tx,2026-05-03
https://olera.care/review/humilde-home-care-edinburg-tx,2026-05-03
https://olera.care/review/a-unified-home-health-agency-balch-springs-tx,2026-05-03
https://olera.care/review/the-village-of-st-edward-at-green,2026-05-03
https://olera.care/review/courage-home-health-care-rockwall-tx,2026-05-03
https://olera.care/review/nurse-next-door-home-care-services-sugar-land-tx-four-corners-tx,2026-05-03
https://olera.care/review/lago-vista-house-san-marcos-tx,2026-05-03
https://olera.care/review/safe-harbor-care-home-san-antonio-tx,2026-05-03
https://olera.care/review/majestic-home-care-mckinney-tx,2026-05-03
https://olera.care/review/avir-at-boerne-scenic-oaks-tx,2026-05-03
https://olera.care/review/home-point-health-services-palestine-tx,2026-05-03
https://olera.care/review/avalon-lakeside-flower-mound-tx,2026-05-03
https://olera.care/review/angels-of-comfort-phc-pflugerville-tx,2026-05-03
https://olera.care/review/encore-memory-care-day-center-dallas-tx,2026-05-03
https://olera.care/review/nurses-at-heart-home-healthcare-services-south-houston-tx-home-health-care,2026-05-03
https://olera.care/review/carriage-inn-bryan-college-station-tx,2026-05-03
https://olera.care/review/advenir-at-wynstone-channelview-tx,2026-05-03
https://olera.care/review/gilead-community-home-health-arlington-tx,2026-05-03
"https://olera.care/browse?type=nursing_home&q=Hacienda Heights, CA",2026-05-03
https://olera.care/review/paradigm-home-health-abilene-abilene-tx,2026-05-03
https://olera.care/review/the-residence-at-canyon-lake-cibolo-tx,2026-05-03
https://olera.care/review/z-best-home-care-inc,2026-05-03
https://olera.care/review/interim-healthcare-of-sw-houston-pearland-tx,2026-05-03
https://olera.care/review/texas-state-veterans-home-bonham-tx,2026-05-03
https://olera.care/review/laurel-point-senior-apartments-houston-tx,2026-05-03
https://olera.care/review/addison-care-addison-tx,2026-05-03
https://olera.care/review/caretrips-richardson-tx,2026-05-03
https://olera.care/review/silver-star-health-network-lubbock-tx,2026-05-03
https://olera.care/review/oaks-riverchase-coppell-tx,2026-05-03
https://olera.care/review/reez-home-health-services-missouri-city-tx,2026-05-03
https://olera.care/review/health-concierge-services-the-woodlands-tx,2026-05-03
https://olera.care/review/new-beginnings-care-facility-tyler-tx,2026-05-03
https://olera.care/review/klarus-home-care-tyler-tx,2026-05-03
https://olera.care/review/angels-care-home-health-pittsburg-pittsburg-tx,2026-05-03
"https://olera.care/browse?type=independent_living&q=Cedar Park, TX",2026-05-03
https://olera.care/review/el-paso-community-home-health-fort-bliss-tx,2026-05-03
https://olera.care/review/glorious-home-health-rowlett-tx,2026-05-03
https://olera.care/review/the-enclave-at-bear-creek-colleyville-tx,2026-05-03
https://olera.care/review/haab-care-home-health-provider-services-houston-tx,2026-05-03
https://olera.care/review/west-university-senior-services-west-university-place-tx-assisted-living,2026-05-03
https://olera.care/review/mi-hacienda-adult-daycare-san-juan-tx-home-health-care,2026-05-03
https://olera.care/provider/cottages-of-white-bear-township,2026-05-03
https://olera.care/home-health-care/florida/apopka,2026-05-03
https://olera.care/review/sarah-care-at-the-woodlands-the-woodlands-tx,2026-05-03
https://olera.care/review/whisper-cove-assisted-living-and-memory-care-roy-ut,2026-05-03
https://olera.care/review/orchard-cove-roy-ut,2026-05-03
https://olera.care/review/health-heros-home-care-seabrook-tx,2026-05-03
https://olera.care/provider/fairfield-nursing-and-rehabilitation-center-palestine-tx,2026-05-03
https://olera.care/review/fountain-park-healthcare-services-conroe-tx,2026-05-03
https://olera.care/review/connect55-burlington-a-new-55-plus-active-senior-living-community-coming-soon-graham-nc,2026-05-03
https://olera.care/review/libretto-apartments,2026-05-03
https://olera.care/provider/atascocita-seniors-care-home,2026-05-03
https://olera.care/review/stational-care-cedar-hill-tx,2026-05-03
https://olera.care/review/crossroads-family-care-palestine-tx,2026-05-03
https://olera.care/review/s-a-homecare-services,2026-05-03
https://olera.care/review/houston-community-college-southwest-college-missouri-city-tx,2026-05-03
https://olera.care/review/faith-personal-home-care-richmond-tx,2026-05-03
https://olera.care/waiver-library/tennessee/tenncare-choices-in-long-term-services-and-supports/forms,2026-05-03
https://olera.care/review/morning-star-healthcare-services-pa-carrollton-tx,2026-05-03
https://olera.care/review/apex-oaks-at-clear-lake-seabrook-tx,2026-05-03
https://olera.care/review/n-your-home-healthcare-calexico-ca,2026-05-03
https://olera.care/review/natures-remedy-gladewater-tx,2026-05-03
https://olera.care/review/briarcliff-skilled-nursing-facility-raymondville-tx,2026-05-03
https://olera.care/review/homewatch-caregivers-of-southwest-austin-austin-tx,2026-05-03
https://olera.care/provider/sugar-fork-crossing,2026-05-03
https://olera.care/review/visiting-angels-ca-sacramento,2026-05-03
https://olera.care/review/ridgewood-at-the-woodlands-shenandoah-tx,2026-05-02
https://olera.care/review/american-senior-homecare-big-spring-tx,2026-05-02
https://olera.care/review/kingsville-home-rehab-services-kingsville-tx,2026-05-02
https://olera.care/review/hearts-in-home-senior-care-provider,2026-05-02
https://olera.care/review/brookdale-medi-park-west-amarillo-tx,2026-05-02
https://olera.care/review/quality-care-of-wa-robinson-tx,2026-05-02
https://olera.care/review/hilltop-village-nursing-and-rehab-la-homa-tx,2026-05-02
https://olera.care/review/pharr-south-mcallen-tx,2026-05-02
https://olera.care/review/sheridan-of-navasota-navasota-tx,2026-05-02
https://olera.care/review/presbyterian-healthcare-at-home-in-clovis,2026-05-02
"https://olera.care/browse?type=assisted-living&q=Shenandoah, TX",2026-05-02
https://olera.care/review/marshall-manor-west-marshall-tx,2026-05-02
https://olera.care/review/higher-standards-home-health-dallas-tx,2026-05-02
https://olera.care/review/medical-city-healthcare-at-home,2026-05-02
https://olera.care/review/mi-casita-adult-day-care-pharr-tx,2026-05-02
https://olera.care/review/golden-grace-assisted-living-adult-day-activity-princeton-tx,2026-05-02
https://olera.care/review/great-life-assisted-living-home-plano-tx,2026-05-02
https://olera.care/review/autumn-care-assisted-living-memory-care-roy-ut,2026-05-02
https://olera.care/review/palm-shadows-mobile-home-rv-resort-donna-tx,2026-05-02
https://olera.care/review/miracle-hands-healthcare-services-four-corners-tx,2026-05-02
https://olera.care/review/lifetrust-home-health-consulting-p-four-corners-tx,2026-05-02
https://olera.care/waiver-library/louisiana/aged-blind-and-disabled-medicaid,2026-05-02
https://olera.care/review/caryls-care-scarsdale-ny,2026-05-02
https://olera.care/review/mag-health-services-san-marcos-tx,2026-05-02
https://olera.care/review/dfw-home-care-arlington-tx,2026-05-02
https://olera.care/review/bay-club-corpus-christi-tx,2026-05-02
https://olera.care/review/american-pilgrims-health-services-irving-tx,2026-05-02
https://olera.care/review/salony-house-senior-apartments,2026-05-02
https://olera.care/review/allied-home-care-chino-hills-ca,2026-05-02
https://olera.care/review/lady-bug-assisted-adult-care-covington-ga,2026-05-02
https://olera.care/review/st-bridget-home-health-four-corners-tx,2026-05-02
https://olera.care/review/carepath-home-health-network-wichita-falls-tx,2026-05-02
https://olera.care/review/cedar-plus-health-four-corners-tx,2026-05-02
https://olera.care/review/openarms-private-care-stephenville-tx-assisted-living,2026-05-02
https://olera.care/review/avenue-home-health-services-garland-tx,2026-05-02
https://olera.care/review/active-life-care-forest-hill-tx,2026-05-02
https://olera.care/review/silver-creek-nursing-and-rehab-four-corners-tx,2026-05-02
https://olera.care/review/interim-healthcare-of-central-el-paso-el-paso-tx,2026-05-02
https://olera.care/review/fidelity-home-health-services-west-university-place-tx-home-health-care,2026-05-02
https://olera.care/review/the-reserve-at-woodland-lakes-the-woodlands-tx,2026-05-02
https://olera.care/_next/static/chunks/3a0193f01e2ab7be.css?dpl=dpl_77hyt93VWuSxFzSC7dsA1Np7PUga,2026-05-02
https://olera.care/_next/static/chunks/64909c6a5888e2d4.js?dpl=dpl_77hyt93VWuSxFzSC7dsA1Np7PUga,2026-05-02
https://olera.care/_next/static/chunks/b2a58aa54ab2d095.js?dpl=dpl_77hyt93VWuSxFzSC7dsA1Np7PUga,2026-05-02
https://olera.care/assisted-living/california/los-angeles,2026-05-02
https://olera.care/review/bettyes-healthcare-network-arlington-tx,2026-05-02
https://olera.care/review/high-valley-lodge-hacienda-heights-ca,2026-05-02
https://olera.care/review/morning-light-home-marshall-tx,2026-05-02
https://olera.care/review/homecare-angels-comanche-tx,2026-05-02
https://olera.care/review/morningstar-assisted-living-memory-care-of-rio-rancho,2026-05-02
https://olera.care/review/sisters-home-care-arlington-tx,2026-05-02
https://olera.care/review/resource-care-austin-tx,2026-05-02
https://olera.care/review/nestar-medcare-missouri-city-tx,2026-05-02
https://olera.care/review/caremate-wellness-solutions-arlington-tx,2026-05-02
https://olera.care/review/waxahachie-care-services-waxahachie-tx,2026-05-02
https://olera.care/review/the-huntington-at-sienna-ranch-sugar-land-tx,2026-05-02
https://olera.care/review/serenity-house-pasadena-tx,2026-05-02
https://olera.care/review/central-texas-nursing-and-rehabilitation-gainesville-tx,2026-05-02
https://olera.care/review/magnolia-manor-of-macon,2026-05-02
https://olera.care/waiver-library/rhode-island/rhode-island-medicare-savings-program/forms,2026-05-02
https://olera.care/provider/home-helpers-home-care-of-upstate,2026-05-02
https://olera.care/waiver-library/mississippi/national-family-caregiver-support-program,2026-05-02
https://olera.care/provider/front-range-home-care-services,2026-05-02
https://olera.care/review/qualicare-four-corners-tx,2026-05-02
https://olera.care/assisted-living/kansas,2026-05-02
https://olera.care/provider/omna-health-care-services,2026-05-02
https://olera.care/provider/lincare-ps-homecare/onboard,2026-05-02
https://olera.care/review/cherry-hill-manor,2026-05-02
https://olera.care/review/lanoh-assisted-living,2026-05-02
https://olera.care/review/opt2care-senior-homecare-services,2026-05-02
https://olera.care/review/sterling-oaks-senior-apartment,2026-05-01
https://olera.care/provider/life-care-center-of-the-willows,2026-05-01
https://olera.care/review/apostolic-christian-restmor-morton-il,2026-05-01
https://olera.care/_next/static/chunks/6117c61e1712f294.css?dpl=dpl_464TvfMu8onwvnmtS7Z8TKPnx7RB,2026-05-01
https://olera.care/provider/heaven-at-home-senior-care,2026-05-01
https://olera.care/_next/static/chunks/4291579e7085d2d5.js?dpl=dpl_464TvfMu8onwvnmtS7Z8TKPnx7RB,2026-05-01
https://olera.care/_next/static/chunks/bc5a5d690ad4b02a.js?dpl=dpl_5ZVZcJXVqLF8qqgcSL22ZDQykd4W,2026-05-01
https://olera.care/_next/static/chunks/a979003cb6ff0beb.js?dpl=dpl_7Ewbs2hJPrmoQ4Z4FjCiM2MVHfG3,2026-05-01
https://olera.care/provider/maple-home-health-care,2026-05-01
https://olera.care/review/ridge-at-mt-dora-mount-dora-fl,2026-05-01
https://olera.care/provider/complete-care-at-inglemoor,2026-05-01
https://olera.care/provider/holiday-springs-of-napa,2026-05-01
https://olera.care/waiver-library/south-carolina/healthy-connections-aged-blind-or-disabled-abd,2026-05-01
https://olera.care/review/greens-at-gastonia,2026-05-01
https://olera.care/review/morgantown-heights,2026-05-01
https://olera.care/review/the-estates-of-midwest-city,2026-05-01
https://olera.care/review/jefferson-meadows,2026-05-01
https://olera.care/review/country-villa-los-feliz-nursing-center,2026-05-01
https://olera.care/review/villa-river-ridge-assisted-living,2026-05-01
https://olera.care/review/luther-village,2026-05-01
https://olera.care/review/the-lodge-co,2026-05-01
https://olera.care/review/enhance-home-health-services,2026-05-01
https://olera.care/_next/static/chunks/a3b94f677438cdfc.css?dpl=dpl_5ZVZcJXVqLF8qqgcSL22ZDQykd4W,2026-05-01
https://olera.care/_next/static/chunks/da35b7d8873f758a.js?dpl=dpl_5ZVZcJXVqLF8qqgcSL22ZDQykd4W,2026-05-01
https://olera.care/review/palace-view-senior-housing,2026-05-01
https://olera.care/provider/the-arboretum-senior-living,2026-05-01
https://olera.care/provider/elijah-s-place,2026-05-01
https://olera.care/review/eastwood-apartments-troutdale-or,2026-05-01
https://olera.care/review/prn-care,2026-05-01
https://olera.care/review/faith-village-group-home,2026-05-01
https://olera.care/review/elm-street-senior-apartments,2026-05-01
https://olera.care/review/everest-home-care,2026-05-01
https://olera.care/review/all-saints-home-care-co,2026-05-01
https://olera.care/review/farmer-branch-55-fort-leonard-wood-mo,2026-05-01
https://olera.care/provider/discovery-village-clear-lake,2026-05-01
https://olera.care/review/unique-aid-skippack-pa,2026-04-30
https://olera.care/review/hope-and-freedom-home-care,2026-04-30
https://olera.care/review/careplus-home-health-care,2026-04-30
https://olera.care/provider/lake-meadows-assisted-living,2026-04-30
https://olera.care/review/well-spring-retirement-community,2026-04-30
https://olera.care/review/the-court-at-palm-aire,2026-04-30
https://olera.care/review/by-faith-home-care-services,2026-04-30
https://olera.care/review/advance-home-health,2026-04-30
https://olera.care/review/prince-of-peace-homecare-services,2026-04-30
https://olera.care/review/garden-park-health-care-center,2026-04-30
https://olera.care/review/california-armenian-home,2026-04-30
https://olera.care/review/bellflower-terrace-senior-apartments,2026-04-30
https://olera.care/review/redstone-village,2026-04-30
https://olera.care/review/a-lot-of-love-home-care-agency-llc,2026-04-30
https://olera.care/review/fletcher-arms-lake-country-pewaukee-wi,2026-04-30
https://olera.care/review/seton-haven,2026-04-30
https://olera.care/review/willow-bend-villas,2026-04-30
https://olera.care/review/faith-house,2026-04-30
https://olera.care/review/texas-senior-care-at-home,2026-04-30
https://olera.care/review/helping-hands-healthcare-solutions,2026-04-30
https://olera.care/review/henderson-health-and-rehab,2026-04-30
https://olera.care/provider/mavilcare-home-care-agency-indian-trail-nc,2026-04-30
https://olera.care/review/bluefield-manor,2026-04-30
https://olera.care/review/villa-marie,2026-04-30
https://olera.care/review/better-home-senior-care,2026-04-30
https://olera.care/provider/moselene-s-adult-family-care-home,2026-04-30
https://olera.care/review/visiting-angels-ct-groton,2026-04-30
https://olera.care/review/the-villas-at-bellevue-dublin-ga,2026-04-30
https://olera.care/provider/cabana-bar-skippack-pa,2026-04-30
https://olera.care/review/radnon-home-care,2026-04-30
https://olera.care/review/sunflower-meadows-care-homes,2026-04-30
https://olera.care/review/covenant-village-nc,2026-04-30
https://olera.care/_next/static/chunks/549f41675d551d23.css?dpl=dpl_8ZVTHcRDXDego4WQgYE7TGymUCgf,2026-04-29
https://olera.care/caregiver-support/dementia-related-expenses-exploring-insurance-coverage-options,2026-04-29
https://olera.care/review/avista-senior-living-payson-payson-az,2026-04-29
https://olera.care/_next/static/chunks/62cff922a76058ca.css?dpl=dpl_6XZ9giXuA4xvFeswtLKFwuoBBmFj,2026-04-29
https://olera.care/_next/static/chunks/c441295b8cf9ebee.js?dpl=dpl_6XZ9giXuA4xvFeswtLKFwuoBBmFj,2026-04-29
https://olera.care/review/rustic-manor-community-outreach-cudahy-wi,2026-04-29
https://olera.care/_next/static/chunks/9fa9f21a5879f92b.css?dpl=dpl_5cFrpL4rntVysJfZGDJK31vT6262,2026-04-29
https://olera.care/_next/static/chunks/a7854ad90f8f1e8a.js?dpl=dpl_5cFrpL4rntVysJfZGDJK31vT6262,2026-04-29
https://olera.care/_next/static/chunks/18a0537dc8c5324c.js?dpl=dpl_5cFrpL4rntVysJfZGDJK31vT6262,2026-04-29
https://olera.care/review/homewell-care-services-ms,2026-04-28
https://olera.care/provider/infinite-love-and-care-homes,2026-04-28
https://olera.care/provider/firstlight-home-care-of-east-nashville-and-mount-juliet-nolensville-tn,2026-04-28
https://olera.care/provider/barberton-post-acute,2026-04-28
https://olera.care/independent-living/california/san-rafael,2026-04-28
https://olera.care/provider/loving-homecare,2026-04-28
https://olera.care/provider/unihealth-post-acute-care-savannah-wilmington-island-ga,2026-04-27
https://olera.care/provider/wooldridge-place-nursing-center,2026-04-27
https://olera.care/provider/beehive-homes-of-draper,2026-04-27
https://olera.care/home-care/maryland/salisbury,2026-04-27
https://olera.care/provider/heavenly-manor-of-plano,2026-04-27
https://olera.care/provider/eagle-s-nest-assisted-living,2026-04-27
https://olera.care/provider/spears-house-of-care,2026-04-27
https://olera.care/home-care/maryland/oxon-hill,2026-04-27
https://olera.care/provider/saving-grace-gwinnett,2026-04-27
https://olera.care/provider/arcadian-cove-senior-living,2026-04-27
https://olera.care/provider/anne-s-home-care,2026-04-27
https://olera.care/provider/orcutt-direct-care-orcutt-ca,2026-04-27
https://olera.care/_next/static/chunks/0e49a0448457187b.css?dpl=dpl_8xyEg8TY3zpMW2nzbrq6v7bWfuLb,2026-04-27
https://olera.care/provider/sage-park-san-antonio,2026-04-27
https://olera.care/senior-communities/ca/la-verne/page/3,2026-04-27
https://olera.care/provider/touching-hearts-at-home-co-fort-collins,2026-04-27
https://olera.care/provider/catered-living-at-concordia-of-bella-vista,2026-04-27
https://olera.care/provider/premier-homecare-angels,2026-04-27
https://olera.care/provider/caresify-home-care-pa-reading,2026-04-27
https://olera.care/provider/rancho-mirage,2026-04-27
https://olera.care/provider/home-caregivers-management,2026-04-27
https://olera.care/provider/ross-court-group-home,2026-04-27
https://olera.care/provider/seniors-helping-seniors-northwest-atlanta-holly-springs-ga,2026-04-27
https://olera.care/provider/greystone-home-health-of-tampa-thonotosassa-fl,2026-04-27
https://olera.care/provider/simplify-senior-living-lower-merion-pa,2026-04-27
https://olera.care/provider/willow-haven-healthcare-rehabilitation,2026-04-27
https://olera.care/provider/rolic-home-care-services,2026-04-27
https://olera.care/nursing-home/california/fairfield,2026-04-27
https://olera.care/provider/summit-home-health-and-hospice,2026-04-27
https://olera.care/provider/gentiva-personal-care-ca-san-rafael,2026-04-27
https://olera.care/provider/legacy-care-team,2026-04-27
https://olera.care/provider/ridgecrest-health-and-rehab-center,2026-04-27
https://olera.care/provider/the-residence-at-summer-street,2026-04-27
https://olera.care/provider/lifecare-health-services,2026-04-27
https://olera.care/provider/gardenia-living,2026-04-27
https://olera.care/provider/presbyterian-homes-services-mill-pond-gables,2026-04-27
https://olera.care/memory-care/new-hampshire/derry,2026-04-27
https://olera.care/provider/a-better-care-home-health,2026-04-27
https://olera.care/provider/procare-rehabilitation-lebanon-readington-nj,2026-04-27
https://olera.care/provider/procare-whitehouse-station-readington-nj,2026-04-27
https://olera.care/provider/fair-oaks-home-care,2026-04-27
https://olera.care/provider/community-home-health-care-ny-glen-cove,2026-04-27
https://olera.care/provider/all-american-assisted-living-at-coram-south-farmingdale-ny,2026-04-27
https://olera.care/provider/heartwood-place-memory-care,2026-04-27
https://olera.care/provider/a-holistic-haven-afh-lakeland-north-wa,2026-04-27
https://olera.care/provider/oakmont-of-fresno,2026-04-26
https://olera.care/independent-living/rhode-island,2026-04-26
https://olera.care/provider/brightstar-care-ma-milford,2026-04-26
https://olera.care/provider/on-call-home-health-rehab-services,2026-04-26
https://olera.care/provider/denein-senior-services,2026-04-26
https://olera.care/provider/oak-manor-senior-living-community-independent-and-assisted-living,2026-04-26
https://olera.care/provider/best-care-home-health-inc,2026-04-26
https://olera.care/provider/grass-valley-extended-care-pt-grass-valley-ca,2026-04-26
https://olera.care/provider/caprock-home-health-services-tx-amarillo,2026-04-26
https://olera.care/provider/harry-c-white-manor,2026-04-26
https://olera.care/provider/destiny-homecare-llc,2026-04-26
https://olera.care/provider/lean-on-me-caregiving,2026-04-26
https://olera.care/provider/golden-years-elderly-care,2026-04-26
https://olera.care/provider/loes-loving-our-elders-and-seniors-moorestown-lenola-nj,2026-04-26
https://olera.care/provider/jackson-health-care-jacksonville-al,2026-04-26
https://olera.care/provider/advanced-senior-care-il,2026-04-26
https://olera.care/provider/preferred-care-at-home-of-central-coastal-san-diego,2026-04-26
https://olera.care/provider/northtowne-senior-living/onboard,2026-04-26
https://olera.care/provider/harmony-living,2026-04-26
https://olera.care/provider/anthony-place-at-prairie-centre,2026-04-26
https://olera.care/provider/the-parkview,2026-04-26
https://olera.care/provider/astoria-park-senior-living,2026-04-26
https://olera.care/_next/static/chunks/c6254b74fd49be7f.css?dpl=dpl_G8UZNA4T1PZG8RTCw6qcV8AjqDiT,2026-04-26
https://olera.care/_next/static/chunks/ebfe0195fb05e240.js?dpl=dpl_G8UZNA4T1PZG8RTCw6qcV8AjqDiT,2026-04-26
https://olera.care/provider/magnolia-place-health-care,2026-04-26
https://olera.care/provider/brookdale-central-chandler,2026-04-26
https://olera.care/provider/constant-care-home-health-services,2026-04-26
https://olera.care/provider/supreme-home-health-worthington-oh,2026-04-26
https://olera.care/review/summit-nursing-home,2026-04-26
https://olera.care/provider/brickyard-healthcare-fountainview-care-center,2026-04-26
https://olera.care/provider/blue-mountain-home-healthcare-guilford-pa,2026-04-26
https://olera.care/provider/freedomcare-cdpap-paid-family-care-fallsburg-ny,2026-04-26
https://olera.care/provider/america-loving-care-home-health-key-biscayne-fl,2026-04-26
https://olera.care/provider/cedar-creek-health-campus-cedar-lake-in,2026-04-26
https://olera.care/provider/the-auberge-at-oak-village-greendale-wi,2026-04-26
https://olera.care/provider/palm-garden-of-vero-beach-lakewood-park-fl,2026-04-26
https://olera.care/provider/comforcare-home-care-of-farmington-valley-ct-farmington-ny,2026-04-26
https://olera.care/provider/the-reserves-at-trail-ridge-great-bend-ks,2026-04-26
https://olera.care/provider/sierra-homebirth-grass-valley-ca,2026-04-26
https://olera.care/provider/methodist-medical-group-primary-care-lakeland-lakeland-tn,2026-04-26
https://olera.care/provider/doylestown-health-hospice-plumstead-pa,2026-04-26
https://olera.care/provider/forest-springs-grass-valley-ca,2026-04-26
https://olera.care/provider/hrmc-home-care-hereford-tx,2026-04-26
https://olera.care/provider/sunrise-of-river-forest-chicago-ridge-il,2026-04-26
https://olera.care/provider/elim-glen-lemon-hill-ca,2026-04-26
https://olera.care/provider/syracuse-home-at-mcharrie-place-van-buren-ny,2026-04-26
https://olera.care/provider/the-hill-at-sand-mountain-apartment-homes-fort-payne-al,2026-04-26
https://olera.care/provider/taylor-springs-health-campus-powell-oh,2026-04-26
https://olera.care/provider/pruitthealth-home-monroe-loganville-ga,2026-04-26
https://olera.care/provider/pawnies-home-care-grass-valley-ca,2026-04-26
https://olera.care/provider/montclair-villa-senior-care-home-assisted-living-memory-and-hospice-care-6-bed-rcfe-mcfarland-ca,2026-04-26
https://olera.care/provider/the-meadowside-fairview-nj,2026-04-26
https://olera.care/provider/tri-community-nursing-center-pineville-la,2026-04-26
https://olera.care/review/stpauls-nursing-home-shiloh-il,2026-04-26
https://olera.care/review/family-well-care-oldsmar-fl,2026-04-26
https://olera.care/provider/argus-manor-apartments,2026-04-26
https://olera.care/review/pine-oaks-village-phase-3-dennis-ma,2026-04-26
https://olera.care/review/northern-kentucky-scholar-house-newport-ky,2026-04-26
https://olera.care/review/senior-helpers-southern-maryland-bensville-md,2026-04-26
https://olera.care/review/brickyard-healthcare-willow-springs-care-center,2026-04-26
https://olera.care/provider/white-oak-health-campus-cedar-lake-in,2026-04-26
https://olera.care/provider/assisting-hands-home-care-franklin-nolensville-tn,2026-04-26
https://olera.care/provider/new-albany-an-optalis-health-rehabilitation-center-powell-oh,2026-04-26
https://olera.care/provider/home-care-medicine-west-freehold-nj,2026-04-26
https://olera.care/provider/executive-home-care-of-bergen-county-saddle-brook-nj,2026-04-26
https://olera.care/independent-living/pennsylvania/guilford,2026-04-26
https://olera.care/memory-care/florida/gladeview,2026-04-26
https://olera.care/provider/love-to-care-bensville-md,2026-04-26
https://olera.care/review/desert-hacienda-california-city-ca,2026-04-26
https://olera.care/provider/susan-g-wright-do-lockhart-tx,2026-04-26
https://olera.care/independent-living/georgia/moultrie,2026-04-26
https://olera.care/provider/emerald-coast-health-care-destin-fl,2026-04-26
https://olera.care/provider/st-benedicts-guest-house-pierre-sd,2026-04-26
https://olera.care/provider/sampson-dawn-m-reidsville-nc,2026-04-26
https://olera.care/provider/village-of-shiloh-shiloh-il,2026-04-26
https://olera.care/provider/williamson-heating-cooling-cedar-lake-in,2026-04-26
https://olera.care/provider/laurelwood-manor-adult-family-lakeland-north-wa,2026-04-26
https://olera.care/provider/oakwood-meadows-assisted-living-formerly-sun-oak-senior-living-lemon-hill-ca,2026-04-26
https://olera.care/provider/serenity-empire-personal-care-home-fairburn-belvedere-park-ga,2026-04-26
https://olera.care/provider/home-health-care-professionals-dunmore-pa,2026-04-26
https://olera.care/provider/k-c-help-east-wenatchee-wa,2026-04-26
https://olera.care/provider/annointed-hands-homecare-lakeland-tn,2026-04-26
https://olera.care/provider/jacksonville-care-piney-green-nc,2026-04-26
https://olera.care/provider/the-legacy-at-walton-mill-55-dallas-ga,2026-04-26
https://olera.care/provider/the-village-at-bellevue-nashville-assisted-living-nolensville-tn,2026-04-26
https://olera.care/provider/red-bluff-senior-living-red-bluff-ca,2026-04-26
https://olera.care/provider/tuscany-cottage-adult-family-home-east-wenatchee-wa,2026-04-26
https://olera.care/provider/welcome-home-management-company-hutchinson-mn,2026-04-26
https://olera.care/provider/stafford-village-worthington-oh,2026-04-26
https://olera.care/provider/castor-health-institute-sterling-il,2026-04-26
https://olera.care/provider/action-health-partners-east-wenatchee-wa,2026-04-26
https://olera.care/provider/mosaic-gardens-at-willowbrook-east-rancho-dominguez-ca,2026-04-26
https://olera.care/provider/rainbow-heights-lilburn-ga,2026-04-26
https://olera.care/provider/rich-square-manor-reidsville-nc,2026-04-26
https://olera.care/provider/oxxo-care-cleaners-orlando-southchase-fl,2026-04-26
https://olera.care/provider/care-edition-little-falls-nj,2026-04-26
https://olera.care/provider/fairgreen-senior-community-cecil-pa,2026-04-26
https://olera.care/provider/empowered-health-washington-mo,2026-04-26
https://olera.care/provider/wondering-time-skippack-pa,2026-04-26
https://olera.care/provider/city-centre-apartments-cherryland-ca,2026-04-26
https://olera.care/provider/hollys-place-cherryland-ca,2026-04-26
https://olera.care/provider/preferred-home-health-sierra-vista-southeast-az,2026-04-26
https://olera.care/provider/the-new-age-nurse-lilburn-ga,2026-04-26
https://olera.care/provider/assisted-living-retirement-ii-key-biscayne-fl,2026-04-26
https://olera.care/provider/cedar-court-assisted-living-cedar-lake-in,2026-04-26
https://olera.care/provider/merion-gardens-assisted-living-cherry-hill-mall-nj,2026-04-26
https://olera.care/provider/visionary-homes-at-village-at-fox-meadows-smithfield-ut,2026-04-26
https://olera.care/provider/simplicity-elderly-living-lemon-hill-ca,2026-04-26
https://olera.care/provider/nagel-assisted-living-memory-care-new-ulm-mn,2026-04-26
https://olera.care/provider/new-hope-chippewa-falls-wi,2026-04-26
https://olera.care/provider/landscaping-by-the-yard-lockhart-tx,2026-04-26
https://olera.care/provider/affordable-in-home-care-east-rancho-dominguez-ca,2026-04-26
https://olera.care/provider/mayrose-apartments-oneonta-ny,2026-04-26
https://olera.care/provider/acti-kare-responsive-in-home-care-north-pittsburgh-cecil-pa,2026-04-26
https://olera.care/provider/chateau-pacific-retirement-bothell-east-wa,2026-04-26
https://olera.care/provider/the-gables-at-cobb-village-clarkston-ga,2026-04-26
https://olera.care/provider/brookdale-north-austin,2026-04-26
https://olera.care/provider/cornerstone-caregiving-eagle-mountain-ut,2026-04-26
https://olera.care/provider/ridgmar-place,2026-04-26
https://olera.care/provider/bluebird-homecare-tx,2026-04-26
https://olera.care/provider/kind-hands-care-at-home-east-longmeadow-ma,2026-04-26
https://olera.care/provider/sunny-hill-home-health-care,2026-04-26
https://olera.care/provider/oak-forest-horizon-senior,2026-04-25
https://olera.care/provider/honey-lake-hospice-susanville-ca-home-health-care,2026-04-25
https://olera.care/review/visiting-angels-tx-el-paso,2026-04-25
https://olera.care/provider/29-souvenirs-gifts-twentynine-palms-ca-home-care-non-medical-,2026-04-25
https://olera.care/provider/cornerstone-at-toms-river-55,2026-04-25
https://olera.care/review/brooks-rehabilitation-home-health-daytona-beach,2026-04-25
https://olera.care/home-care/maryland/annapolis,2026-04-25
https://olera.care/provider/surrey-place-healthcare-rehabilitation,2026-04-25
https://olera.care/provider/the-wellington,2026-04-25
https://olera.care/independent-living/california/moorpark,2026-04-25
https://olera.care/provider/all-seasons-hialeah,2026-04-25
https://olera.care/provider/right-at-home-al-daphne,2026-04-25
https://olera.care/provider/the-villas-of-hammond,2026-04-25
https://olera.care/provider/pinnacle-senior-living,2026-04-25
https://olera.care/provider/all-ways-caring-homecare-id-coeur-d-alene,2026-04-25
https://olera.care/home-care/ohio/warren,2026-04-25
https://olera.care/assisted-living/california/stanton,2026-04-25
https://olera.care/provider/st-lorenz-assisted-living,2026-04-25
https://olera.care/provider/tice-oaks-apartments,2026-04-25
https://olera.care/assisted-living/california/south-gate,2026-04-25
https://olera.care/assisted-living/michigan/bloomfield-hills,2026-04-25
https://olera.care/provider/apexcare-ca-roseville,2026-04-25
https://olera.care/independent-living/texas/steiner-ranch,2026-04-25
https://olera.care/independent-living/california/downey,2026-04-25
https://olera.care/provider/hackberry-house,2026-04-25
https://olera.care/home-care/mississippi/ridgeland,2026-04-25
https://olera.care/provider/b-home-care-bartlett-tn,2026-04-25
https://olera.care/provider/firstlight-home-care-of-denton,2026-04-25
https://olera.care/provider/angels-care-home-health-tx-canyon,2026-04-25
https://olera.care/provider/edenbrook-st-cloud,2026-04-25
https://olera.care/independent-living/illinois/bolingbrook,2026-04-25
https://olera.care/provider/ivy-park-at-mission-viejo,2026-04-25
https://olera.care/provider/the-woods-on-french-creek,2026-04-25
https://olera.care/provider/forest-park-health-campus,2026-04-25